planet_name,host_name,hyg_id,hyg_star_name,include_in_count,notes,semi_major_axis_au,orbital_period_days,eccentricity,insolation_earth,equilibrium_temperature_k,radius_earth,mass_or_msini_earth,stellar_temperature_k,stellar_mass_solar,stellar_radius_solar,stellar_metallicity_dex,mass_provenance,controversial,discovery_method,discovery_year,nasa_distance_ly,hyg_distance_ly,distance_difference_percent,match_method,angular_separation_arcsec,parameter_selection,source_rows,system_planet_count,system_star_count,solution_type,reference,reference_url,stellar_reference,system_reference,row_updated,faction_owners
61 Vir b,61 Vir,64720,Gl 506,1,,0.050201,4.215,0.12,,,,5.1,5577.0,0.942,0.963,-0.01,Msini,0,Radial Velocity,2009.0,27.73412049766338,27.903004270045106,0.6052530069782825,catalog identifier,23.7175078130073,NASA default,3,3.0,1.0,Published Confirmed,Vogt et al. 2010,https://ui.adsabs.harvard.edu/abs/2010ApJ...708.1366V/abstract,Vogt et al. 2010,TICv8,2014-05-14,
61 Vir c,61 Vir,64720,Gl 506,1,,0.2175,38.021,0.14,,,,18.2,5577.0,0.942,0.963,-0.01,Msini,0,Radial Velocity,2009.0,27.73412049766338,27.903004270045106,0.6052530069782825,catalog identifier,23.7175078130073,NASA default,3,3.0,1.0,Published Confirmed,Vogt et al. 2010,https://ui.adsabs.harvard.edu/abs/2010ApJ...708.1366V/abstract,Vogt et al. 2010,TICv8,2014-05-14,
61 Vir d,61 Vir,64720,Gl 506,1,,0.476,123.01,0.35,,,,22.9,5577.0,0.942,0.963,-0.01,Msini,0,Radial Velocity,2009.0,27.73412049766338,27.903004270045106,0.6052530069782825,catalog identifier,23.7175078130073,NASA default,2,3.0,1.0,Published Confirmed,Vogt et al. 2010,https://ui.adsabs.harvard.edu/abs/2010ApJ...708.1366V/abstract,Vogt et al. 2010,TICv8,2014-05-14,
Barnard b,Barnard's star,87665,Barnard's Star,1,,0.0229,3.1542,0.03,,438.0,,0.299,3195.0,0.162,0.185,-0.56,Msini,0,Radial Velocity,2024.0,5.957409317185175,5.948440016797965,0.150784077201437,catalog identifier,161.01488558166088,NASA default,2,4.0,1.0,Published Confirmed,Basant et al. 2025,https://ui.adsabs.harvard.edu/abs/2025ApJ...982L...1B/abstract,González Hernández et al. 2024,TICv8,2025-03-10,test_two
Barnard c,Barnard's star,87665,Barnard's Star,1,,0.0274,4.1244,0.08,,400.0,,0.335,3195.0,0.162,0.185,-0.56,Msini,0,Radial Velocity,2025.0,5.957409317185175,5.948440016797965,0.150784077201437,catalog identifier,161.01488558166088,NASA default,1,4.0,1.0,Published Confirmed,Basant et al. 2025,https://ui.adsabs.harvard.edu/abs/2025ApJ...982L...1B/abstract,González Hernández et al. 2024,TICv8,2025-03-10,test_three
Barnard d,Barnard's star,87665,Barnard's Star,1,,0.0188,2.3402,0.04,,483.0,,0.263,3195.0,0.162,0.185,-0.56,Msini,0,Radial Velocity,2025.0,5.957409317185175,5.948440016797965,0.150784077201437,catalog identifier,161.01488558166088,NASA default,1,4.0,1.0,Published Confirmed,Basant et al. 2025,https://ui.adsabs.harvard.edu/abs/2025ApJ...982L...1B/abstract,González Hernández et al. 2024,TICv8,2025-03-10,test_two
Barnard e,Barnard's star,87665,Barnard's Star,1,,0.0381,6.7392,0.04,,340.0,,0.193,3195.0,0.162,0.185,-0.56,Msini,0,Radial Velocity,2025.0,5.957409317185175,5.948440016797965,0.150784077201437,catalog identifier,161.01488558166088,NASA default,1,4.0,1.0,Published Confirmed,Basant et al. 2025,https://ui.adsabs.harvard.edu/abs/2025ApJ...982L...1B/abstract,González Hernández et al. 2024,TICv8,2025-03-10,test_three
CD Cet b,CD Cet,118201,GJ 1057,1,,0.0185,2.2907,,8.6,464.0,,3.95,3130.0,0.161,0.175,0.13,Msini,0,Radial Velocity,2020.0,28.072768664646677,27.616965126787523,1.6504475990268697,verified alias,36.75495988180618,NASA default,1,1.0,1.0,Published Confirmed,Bauer et al. 2020,https://ui.adsabs.harvard.edu/abs/2020A&A...640A..50B/abstract,Bauer et al. 2020,TICv8,2021-11-02,
GJ 1002 b,GJ 1002,117960,GJ 1002,1,,0.0457,10.3465,,0.67,230.9,,1.08,3024.0,0.12,0.137,-0.25,Msini,0,Radial Velocity,2022.0,15.814246439438419,15.326740501665203,3.18075417092271,catalog identifier,32.50194269882626,NASA default,1,2.0,1.0,Published Confirmed,Suárez Mascareño et al. 2023,https://ui.adsabs.harvard.edu/abs/2023A&A...670A...5S/abstract,Suárez Mascareño et al. 2023,TICv8,2022-12-17,test_three
GJ 1002 c,GJ 1002,117960,GJ 1002,1,,0.0738,21.202,,0.257,181.7,,1.36,3024.0,0.12,0.137,-0.25,Msini,0,Radial Velocity,2022.0,15.814246439438419,15.326740501665203,3.18075417092271,catalog identifier,32.50194269882626,NASA default,1,2.0,1.0,Published Confirmed,Suárez Mascareño et al. 2023,https://ui.adsabs.harvard.edu/abs/2023A&A...670A...5S/abstract,Suárez Mascareño et al. 2023,TICv8,2022-12-17,test_three
GJ 1061 b,GJ 1061,118236,GJ 1061,1,,0.021,3.2073,0.05,,,,1.11,2953.0,0.12,0.156,-0.08,Mass,0,Radial Velocity,2020.0,11.979006209505005,13.99797941884719,14.423318887180212,catalog identifier,21.56520575427824,NASA default,2,3.0,1.0,Published Confirmed,Dreizler et al. 2025,https://ui.adsabs.harvard.edu/abs/2025A&A...698A.114D/abstract,Dreizler et al. 2025,TICv8,2026-03-12,test_two
GJ 1061 c,GJ 1061,118236,GJ 1061,1,,0.0342,6.6821,0.02,,,,1.81,2953.0,0.12,0.156,-0.08,Mass,0,Radial Velocity,2020.0,11.979006209505005,13.99797941884719,14.423318887180212,catalog identifier,21.56520575427824,NASA default,2,3.0,1.0,Published Confirmed,Dreizler et al. 2025,https://ui.adsabs.harvard.edu/abs/2025A&A...698A.114D/abstract,Dreizler et al. 2025,TICv8,2026-03-12,test_three
GJ 1061 d,GJ 1061,118236,GJ 1061,1,,0.054,13.066,0.04,,,,1.67,2953.0,0.12,0.156,-0.08,Mass,0,Radial Velocity,2020.0,11.979006209505005,13.99797941884719,14.423318887180212,catalog identifier,21.56520575427824,NASA default,2,3.0,1.0,Published Confirmed,Dreizler et al. 2025,https://ui.adsabs.harvard.edu/abs/2025A&A...698A.114D/abstract,Dreizler et al. 2025,TICv8,2026-03-12,test_two
GJ 1151 c,GJ 1151,118777,GJ 1151,1,,0.5714,389.7,,,,,10.62,3280.0,0.1639,0.1781,-0.12,Msini,0,Radial Velocity,2023.0,26.210741904261788,26.778090923300063,2.1187059998538356,catalog identifier,61.41601826681628,NASA default,1,1.0,1.0,Published Confirmed,Blanco-Pozo et al. 2023,https://ui.adsabs.harvard.edu/abs/2023A&A...671A..50B/abstract,Blanco-Pozo et al. 2023,TICv8,2023-01-23,
GJ 1289 b,GJ 1289,119588,GJ 1289,1,,0.27,111.74,0.0,,150.0,,6.27,3296.0,0.21,,0.02,Msini,0,Radial Velocity,2024.0,27.238852038100507,26.51683966474895,2.722844737457107,catalog identifier,23.81582573601563,NASA default,1,1.0,1.0,Published Confirmed,Moutou et al. 2024,https://ui.adsabs.harvard.edu/abs/2024A&A...688A.196M/abstract,Moutou et al. 2024,TICv8,2025-03-18,
GJ 15 A b,GJ 15 A,1472,Groombridge 34,1,,0.072,11.4407,0.094,,,,3.03,3607.0,0.38,0.38,-0.34,Msini,1,Radial Velocity,2014.0,11.618603412128003,11.700207737832732,0.6974604856019859,catalog identifier,52.313009655698956,NASA default,3,2.0,2.0,Published Confirmed,Pinamonti et al. 2018,https://ui.adsabs.harvard.edu/abs/2018A&A...617A.104P/abstract,Pinamonti et al. 2018,TICv8,2019-10-02,test_two
GJ 15 A c,GJ 15 A,1472,Groombridge 34,1,,5.4,7600.0,0.27,,,,36.0,3607.0,0.38,0.38,-0.34,Msini,0,Radial Velocity,2018.0,11.618603412128003,11.700207737832732,0.6974604856019859,catalog identifier,52.313009655698956,NASA default,1,2.0,2.0,Published Confirmed,Pinamonti et al. 2018,https://ui.adsabs.harvard.edu/abs/2018A&A...617A.104P/abstract,Pinamonti et al. 2018,TICv8,2019-10-02,test_three
GJ 229 A c,GJ 229,29222,Gl 229,1,,0.384,121.93268,0.366,,,,8.58136699,,0.509,,,Msini,1,Radial Velocity,2020.0,18.774343876682266,18.76508103555511,0.049362116313831014,catalog identifier,11.306648990936866,NASA default,2,2.0,3.0,Published Confirmed,Feng et al. 2022,https://ui.adsabs.harvard.edu/abs/2022ApJS..262...21F/abstract,Feng et al. 2022,TICv8,2023-06-14,
GJ 229 b,GJ 229,29222,Gl 229,1,,1.086,579.47495,0.404,,,,14.93793513,,0.509,,,Msini,1,Radial Velocity,2014.0,18.774343876682266,18.76508103555511,0.049362116313831014,catalog identifier,11.306648990936866,NASA default,3,2.0,3.0,Published Confirmed,Feng et al. 2022,https://ui.adsabs.harvard.edu/abs/2022ApJS..262...21F/abstract,Feng et al. 2022,TICv8,2023-06-14,
GJ 251 b,GJ 251,118447,Gl 251,1,,0.0808,14.237,0.0,2.37,336.0,,3.85,3342.0,0.35,0.36,0.07,Msini,0,Radial Velocity,2020.0,18.201384967947263,18.787911981995283,3.1218318172349133,catalog identifier,19.18910387902876,NASA default,2,2.0,1.0,Published Confirmed,Beard et al. 2025,https://ui.adsabs.harvard.edu/abs/2025AJ....170..279B/abstract,Beard et al. 2025,TICv8,2025-10-30,
GJ 251 c,GJ 251,118447,Gl 251,1,,0.196,53.647,0.0,0.404,216.0,,3.88,3342.0,0.35,0.36,0.07,Msini,0,Radial Velocity,2025.0,18.201384967947263,18.787911981995283,3.1218318172349133,catalog identifier,19.18910387902876,NASA default,1,2.0,1.0,Published Confirmed,Beard et al. 2025,https://ui.adsabs.harvard.edu/abs/2025AJ....170..279B/abstract,Beard et al. 2025,TICv8,2025-10-30,
GJ 273 b,GJ 273,36107,Luyten's Star,1,,0.091101,18.6498,0.1,1.06,,,2.89,3382.0,0.29,0.293,0.09,Msini,0,Radial Velocity,2017.0,19.31346406122916,12.402422419056881,55.72332088570979,catalog identifier,0.09778996232322368,NASA default,1,2.0,1.0,Published Confirmed,Astudillo-Defru et al. 2017,https://ui.adsabs.harvard.edu/abs/2017A&A...602A..88A/abstract,Astudillo-Defru et al. 2017,TICv8,2017-03-29,test_two
GJ 273 c,GJ 273,36107,Luyten's Star,1,,0.036467,4.7234,0.17,6.66,,,1.18,3382.0,0.29,0.293,0.09,Msini,0,Radial Velocity,2017.0,19.31346406122916,12.402422419056881,55.72332088570979,catalog identifier,0.09778996232322368,NASA default,1,2.0,1.0,Published Confirmed,Astudillo-Defru et al. 2017,https://ui.adsabs.harvard.edu/abs/2017A&A...602A..88A/abstract,Astudillo-Defru et al. 2017,TICv8,2017-03-29,test_three
GJ 3323 b,GJ 3323,118344,GJ 3323,1,,0.03282,5.3636,0.23,2.58,,,2.02,3159.0,0.164,0.119,-0.27,Msini,0,Radial Velocity,2017.0,17.530383452070605,20.0096937729222,12.390546047269762,catalog identifier,12.506580874711236,NASA default,1,2.0,1.0,Published Confirmed,Astudillo-Defru et al. 2017,https://ui.adsabs.harvard.edu/abs/2017A&A...602A..88A/abstract,Astudillo-Defru et al. 2017,TICv8,2017-03-29,
GJ 3323 c,GJ 3323,118344,GJ 3323,1,,0.1264,40.54,0.17,0.17,,,2.31,3159.0,0.164,0.119,-0.27,Msini,0,Radial Velocity,2017.0,17.530383452070605,20.0096937729222,12.390546047269762,catalog identifier,12.506580874711236,NASA default,1,2.0,1.0,Published Confirmed,Astudillo-Defru et al. 2017,https://ui.adsabs.harvard.edu/abs/2017A&A...602A..88A/abstract,Astudillo-Defru et al. 2017,TICv8,2017-03-29,
GJ 3378 b,GJ 3378,118405,GJ 3378,1,,0.09673,21.45,0.0,0.91,272.0,,2.3,3340.0,0.262,0.275,-0.09,Msini,0,Radial Velocity,2026.0,25.188209044482022,24.671446879627617,2.0945758364951113,catalog identifier,28.60391520640119,NASA default,2,1.0,1.0,Published Confirmed,Robertson et al. 2026,https://ui.adsabs.harvard.edu/abs/2026ApJ..1005...32R/abstract,Robertson et al. 2026,TICv8,2026-06-04,
GJ 338 B b,GJ 338 B,45214,Gl 338B,1,,0.142,24.422,0.109,,,,10.6,4014.0,0.64,0.58,-0.03,Msini,0,Radial Velocity,2020.0,20.654048312739402,20.8472633508988,0.9268124784880623,catalog identifier,31.57936819340488,NASA default,2,1.0,2.0,Published Confirmed,DiTomasso et al. 2023,https://ui.adsabs.harvard.edu/abs/2023AJ....165...38D/abstract,DiTomasso et al. 2023,TICv8,2023-01-18,
GJ 357 b,GJ 357,46970,Gl 357,1,,0.036,3.9306,,,518.0,1.2,,3505.0,0.342,0.337,-0.12,,0,Transit,2019.0,30.795065486897244,29.431046899648052,4.634624761735894,catalog identifier,15.5214716751471,NASA default,6,3.0,1.0,Published Confirmed,Oddo et al. 2023,https://ui.adsabs.harvard.edu/abs/2023AJ....165..134O/abstract,Oddo et al. 2023,TICv8,2023-08-22,
GJ 357 c,GJ 357,46970,Gl 357,1,,0.061,9.1247,,4.45,401.2,,3.4,3505.0,0.342,0.337,-0.12,Msini,0,Radial Velocity,2019.0,30.795065486897244,29.431046899648052,4.634624761735894,catalog identifier,15.5214716751471,NASA default,1,3.0,1.0,Published Confirmed,Luque et al. 2019,https://ui.adsabs.harvard.edu/abs/2019A&A...628A..39L/abstract,Luque et al. 2019,TICv8,2019-07-29,
GJ 357 d,GJ 357,46970,Gl 357,1,,0.204,55.661,,0.38,219.6,,6.1,3505.0,0.342,0.337,-0.12,Msini,0,Radial Velocity,2019.0,30.795065486897244,29.431046899648052,4.634624761735894,catalog identifier,15.5214716751471,NASA default,1,3.0,1.0,Published Confirmed,Luque et al. 2019,https://ui.adsabs.harvard.edu/abs/2019A&A...628A..39L/abstract,Luque et al. 2019,TICv8,2019-07-29,
GJ 393 b,GJ 393,51172,Gl 393,1,,0.05402,7.02679,,9.21,485.0,,1.71,3579.0,0.426,0.426,-0.09,Msini,0,Radial Velocity,2021.0,22.933653083515036,23.049797369619967,0.5038841957804494,catalog identifier,14.713859328387535,NASA default,1,1.0,1.0,Published Confirmed,Amado et al. 2021,https://ui.adsabs.harvard.edu/abs/2021A&A...650A.188A/abstract,Amado et al. 2021,TICv8,2021-07-12,
GJ 411 b,GJ 411,53879,Lalande 21185,1,,0.07879,12.9394,0.063,,,,2.69,3719.0,0.3899,0.3685,-0.3621,Msini,0,Radial Velocity,2019.0,18.511895624224934,8.306876784067736,122.85024932270605,catalog identifier,8.784039138133545,NASA default,5,2.0,1.0,Published Confirmed,Hurt et al. 2022,https://ui.adsabs.harvard.edu/abs/2022AJ....163..218H/abstract,Hurt et al. 2022,TICv8,2022-05-24,test_one
GJ 4274 b,GJ 4274,119492,GJ 4274,1,,0.0153,1.6339,,14.7,,,2.97,3228.0,0.18,0.19,-0.19,Msini,0,Radial Velocity,2026.0,23.599240403521595,24.321807242715266,2.970859985785348,catalog identifier,14.356325375737146,NASA default,1,2.0,1.0,Published Confirmed,Charpentier et al. 2026,https://ui.adsabs.harvard.edu/abs/2026A&A...705A.243C/abstract,Charpentier et al. 2026,TICv8,2026-02-12,
GJ 4274 c,GJ 4274,119492,GJ 4274,1,,0.186,69.57,,0.1,,,8.39,3228.0,0.18,0.19,-0.19,Msini,0,Radial Velocity,2026.0,23.599240403521595,24.321807242715266,2.970859985785348,catalog identifier,14.356325375737146,NASA default,1,2.0,1.0,Published Confirmed,Charpentier et al. 2026,https://ui.adsabs.harvard.edu/abs/2026A&A...705A.243C/abstract,Charpentier et al. 2026,TICv8,2026-02-12,
GJ 433 b,GJ 433,56359,Gl 433,1,,0.062,7.3705,0.04,,,,6.043,,0.48,,,Msini,0,Radial Velocity,2013.0,29.564640551960828,28.971166407067443,2.0484993132641356,catalog identifier,13.224130036208912,NASA default,4,3.0,1.0,Published Confirmed,Feng et al. 2020,https://ui.adsabs.harvard.edu/abs/2020ApJS..246...11F/abstract,Feng et al. 2020,TICv8,2020-02-06,
GJ 433 c,GJ 433,56359,Gl 433,1,,4.819,5094.105,0.12,,,,32.422,,0.48,,,Msini,0,Radial Velocity,2014.0,29.564640551960828,28.971166407067443,2.0484993132641356,catalog identifier,13.224130036208912,NASA default,2,3.0,1.0,Published Confirmed,Feng et al. 2020,https://ui.adsabs.harvard.edu/abs/2020ApJS..246...11F/abstract,Feng et al. 2020,TICv8,2020-02-07,
GJ 433 d,GJ 433,56359,Gl 433,1,,0.178,36.059,0.07,,,,5.223,,0.48,,,Msini,0,Radial Velocity,2020.0,29.564640551960828,28.971166407067443,2.0484993132641356,catalog identifier,13.224130036208912,NASA default,1,3.0,1.0,Published Confirmed,Feng et al. 2020,https://ui.adsabs.harvard.edu/abs/2020ApJS..246...11F/abstract,Feng et al. 2020,TICv8,2020-02-06,
GJ 486 b,GJ 486,62257,Gar,1,,0.01714,1.46712127,0.00086,39.2,696.3,1.289,2.77,3317.0,0.312,0.3243,-0.15,Mass,0,Radial Velocity,2021.0,26.33471394343192,27.300267284024567,3.5367907960288116,catalog identifier,17.302014908109744,NASA default,4,1.0,1.0,Published Confirmed,Weiner Mansfield et al. 2024,https://ui.adsabs.harvard.edu/abs/2024ApJ...975L..22W/abstract,Weiner Mansfield et al. 2024,TICv8,2025-04-16,
GJ 514 b,GJ 514,65653,Gl 514,1,,0.422,140.43,0.45,0.28,202.0,,5.2,3728.0,0.51,0.5,-0.14,Msini,0,Radial Velocity,2022.0,24.84587531043053,24.969879965238437,0.4966169440163064,catalog identifier,24.229311656610506,NASA default,1,1.0,1.0,Published Confirmed,Damasso et al. 2022,https://ui.adsabs.harvard.edu/abs/2022A&A...666A.187D/abstract,Damasso et al. 2022,TICv8,2022-04-19,
GJ 581 b,GJ 581,74766,Gl 581,1,,0.0399,5.3686,0.0342,,,,20.5,3500.0,0.295,0.302,-0.08,Mass,0,Radial Velocity,2005.0,20.54165482497821,20.269640405962445,1.3419795002172292,catalog identifier,19.06326607855952,NASA default,7,3.0,1.0,Published Confirmed,von Stauffenberg et al. 2024,https://ui.adsabs.harvard.edu/abs/2024A&A...688A.112V/abstract,von Stauffenberg et al. 2024,TICv8,2025-03-03,
GJ 581 c,GJ 581,74766,Gl 581,1,,0.0718,12.9211,0.032,,,,6.81,3500.0,0.295,0.302,-0.08,Mass,0,Radial Velocity,2007.0,20.54165482497821,20.269640405962445,1.3419795002172292,catalog identifier,19.06326607855952,NASA default,6,3.0,1.0,Published Confirmed,von Stauffenberg et al. 2024,https://ui.adsabs.harvard.edu/abs/2024A&A...688A.112V/abstract,von Stauffenberg et al. 2024,TICv8,2025-03-03,
GJ 581 e,GJ 581,74766,Gl 581,1,,0.02799,3.1481,0.012,,,,2.48,3500.0,0.295,0.302,-0.08,Mass,0,Radial Velocity,2009.0,20.54165482497821,20.269640405962445,1.3419795002172292,catalog identifier,19.06326607855952,NASA default,5,3.0,1.0,Published Confirmed,von Stauffenberg et al. 2024,https://ui.adsabs.harvard.edu/abs/2024A&A...688A.112V/abstract,von Stauffenberg et al. 2024,TICv8,2025-03-03,
GJ 625 b,GJ 625,80218,Gl 625,1,,0.078361,14.628,0.13,,,,2.82,3499.0,0.3,0.31,-0.38,Msini,0,Radial Velocity,2017.0,21.110438932078438,21.253654197533862,0.6738383156344045,catalog identifier,8.705735313074497,NASA default,1,1.0,1.0,Published Confirmed,Suárez Mascareño et al. 2017,https://ui.adsabs.harvard.edu/abs/2017A&A...605A..92S/abstract,Suárez Mascareño et al. 2017,TICv8,2017-09-27,
GJ 667 C b,GJ 667 C,119144,Gl 667C,1,,,7.203,0.2,,,,,,,,,,0,Radial Velocity,2012.0,23.626637539249803,22.736687247011893,3.9141598886832862,catalog identifier,35.71722174901485,NASA default,5,5.0,3.0,Published Confirmed,Bonfils et al. 2013,https://ui.adsabs.harvard.edu/abs/2013A%26A...549A.109B/abstract,Bonfils et al. 2013,TICv8,2023-12-14,
GJ 667 C c,GJ 667 C,119144,Gl 667C,1,,0.125,28.14,0.02,,,,3.8,3350.0,0.33,,-0.55,Msini,0,Radial Velocity,2013.0,23.626637539249803,22.736687247011893,3.9141598886832862,catalog identifier,35.71722174901485,NASA default,4,5.0,3.0,Published Confirmed,Anglada-Escude et al. 2013,https://ui.adsabs.harvard.edu/abs/2013A%26A...556A.126A/abstract,Anglada-Escude et al. 2013,TICv8,2014-05-14,
GJ 667 C e,GJ 667 C,119144,Gl 667C,1,,0.213,62.24,0.02,,,,2.7,3350.0,0.33,,-0.55,Msini,1,Radial Velocity,2013.0,23.626637539249803,22.736687247011893,3.9141598886832862,catalog identifier,35.71722174901485,NASA default,1,5.0,3.0,Published Confirmed,Anglada-Escude et al. 2013,https://ui.adsabs.harvard.edu/abs/2013A%26A...556A.126A/abstract,Anglada-Escude et al. 2013,TICv8,2014-05-14,
GJ 667 C f,GJ 667 C,119144,Gl 667C,1,,0.156,39.026,0.03,,,,2.7,3350.0,0.33,,-0.55,Msini,1,Radial Velocity,2013.0,23.626637539249803,22.736687247011893,3.9141598886832862,catalog identifier,35.71722174901485,NASA default,1,5.0,3.0,Published Confirmed,Anglada-Escude et al. 2013,https://ui.adsabs.harvard.edu/abs/2013A%26A...556A.126A/abstract,Anglada-Escude et al. 2013,TICv8,2014-05-14,
GJ 667 C g,GJ 667 C,119144,Gl 667C,1,,0.549,256.2,0.08,,,,4.6,3350.0,0.33,,-0.55,Msini,1,Radial Velocity,2013.0,23.626637539249803,22.736687247011893,3.9141598886832862,catalog identifier,35.71722174901485,NASA default,1,5.0,3.0,Published Confirmed,Anglada-Escude et al. 2013,https://ui.adsabs.harvard.edu/abs/2013A%26A...556A.126A/abstract,Anglada-Escude et al. 2013,TICv8,2014-05-14,
GJ 674 b,GJ 674,85264,Gl 674,1,,0.039,4.6938,0.2,,,,11.09,3600.0,0.35,,-0.28,Msini,0,Radial Velocity,2007.0,14.836723159783567,14.80913033022873,0.18632309217047366,catalog identifier,17.192750766789427,NASA default,1,1.0,1.0,Published Confirmed,Bonfils et al. 2007,https://ui.adsabs.harvard.edu/abs/2007A&A...474..293B/abstract,Bonfils et al. 2007,TICv8,2014-05-14,test_three
GJ 682 b,GJ 682,85951,Gl 682,1,,0.08,17.478,0.08,,,,4.4,3028.0,0.27,,,Msini,0,Radial Velocity,2014.0,16.32970397878196,16.564503955100246,1.4174887274302566,catalog identifier,19.26544964671704,NASA default,1,2.0,1.0,Published Confirmed,Tuomi et al. 2014,https://ui.adsabs.harvard.edu/abs/2014MNRAS.441.1545T/abstract,Tuomi et al. 2014,TICv8,2019-10-04,test_three
GJ 682 c,GJ 682,85951,Gl 682,1,,0.176,57.32,0.1,,,,8.7,3028.0,0.27,,,Msini,0,Radial Velocity,2014.0,16.32970397878196,16.564503955100246,1.4174887274302566,catalog identifier,19.26544964671704,NASA default,1,2.0,1.0,Published Confirmed,Tuomi et al. 2014,https://ui.adsabs.harvard.edu/abs/2014MNRAS.441.1545T/abstract,Tuomi et al. 2014,TICv8,2019-10-04,test_three
GJ 687 b,GJ 687,85899,Gl 687,1,,0.163,38.142,0.17,,,,17.2,,0.4,,,Msini,0,Radial Velocity,2014.0,14.838125632207749,14.769013095769571,0.46795636235148225,catalog identifier,20.803076441075238,NASA default,4,2.0,1.0,Published Confirmed,Feng et al. 2020,https://ui.adsabs.harvard.edu/abs/2020ApJS..250...29F/abstract,Feng et al. 2020,TICv8,2020-09-08,test_three
GJ 687 c,GJ 687,85899,Gl 687,1,,1.165,727.562,0.4,,,,16.0,,0.4,,,Msini,0,Radial Velocity,2020.0,14.838125632207749,14.769013095769571,0.46795636235148225,catalog identifier,20.803076441075238,NASA default,1,2.0,1.0,Published Confirmed,Feng et al. 2020,https://ui.adsabs.harvard.edu/abs/2020ApJS..250...29F/abstract,Feng et al. 2020,TICv8,2020-09-08,test_three
GJ 832 b,GJ 832,106098,Gl 832,1,,3.7,3853.0,0.05,,,,314.65012293,,0.45,,,Mass,0,Radial Velocity,2008.0,16.191544137181147,16.156808482954315,0.21499081494638672,catalog identifier,12.666757739347156,NASA default,6,1.0,1.0,Published Confirmed,Philipot et al. 2023,https://ui.adsabs.harvard.edu/abs/2023A&A...678A.107P/abstract,Philipot et al. 2023,TICv8,2023-09-05,test_three
GJ 849 b,GJ 849,109042,Gl 849,1,,2.32,1925.31,0.029,,,,283.82076745,3467.0,0.45,0.45,0.09,Msini,0,Radial Velocity,2006.0,28.70365294606417,29.666857960737257,3.2467375410899444,catalog identifier,17.54587596007464,NASA default,7,2.0,1.0,Published Confirmed,Pinamonti et al. 2023,https://ui.adsabs.harvard.edu/abs/2023A&A...677A.122P/abstract,Pinamonti et al. 2023,TICv8,2023-07-10,
GJ 849 c,GJ 849,109042,Gl 849,1,,4.95,5990.0,0.092,,,,314.65012293,3467.0,0.45,0.45,0.09,Msini,0,Radial Velocity,2014.0,28.70365294606417,29.666857960737257,3.2467375410899444,catalog identifier,17.54587596007464,NASA default,3,2.0,1.0,Published Confirmed,Pinamonti et al. 2023,https://ui.adsabs.harvard.edu/abs/2023A&A...677A.122P/abstract,Pinamonti et al. 2023,TICv8,2023-10-21,
GJ 876 b,GJ 876,112660,Gl 876,1,,0.208317,61.1166,0.0324,,,,723.2235,,0.32,0.3,,Mass,0,Radial Velocity,1998.0,15.248365124099868,15.292494082004945,0.28856612707147533,catalog identifier,18.320633559793105,NASA default,9,4.0,1.0,Published Confirmed,Rivera et al. 2010,https://ui.adsabs.harvard.edu/abs/2010ApJ...719..890R/abstract,Rivera et al. 2010,TICv8,2014-08-27,test_three
GJ 876 c,GJ 876,112660,Gl 876,1,,0.12959,30.0881,0.25591,,,,226.9846,,0.32,0.3,,Mass,0,Radial Velocity,2000.0,15.248365124099868,15.292494082004945,0.28856612707147533,catalog identifier,18.320633559793105,NASA default,7,4.0,1.0,Published Confirmed,Rivera et al. 2010,https://ui.adsabs.harvard.edu/abs/2010ApJ...719..890R/abstract,Rivera et al. 2010,TICv8,2014-08-27,test_three
GJ 876 d,GJ 876,112660,Gl 876,1,,0.02080665,1.93778,0.207,,,,6.83,,0.32,0.3,,Mass,0,Radial Velocity,2005.0,15.248365124099868,15.292494082004945,0.28856612707147533,catalog identifier,18.320633559793105,NASA default,7,4.0,1.0,Published Confirmed,Rivera et al. 2010,https://ui.adsabs.harvard.edu/abs/2010ApJ...719..890R/abstract,Rivera et al. 2010,TICv8,2014-08-27,test_three
GJ 876 e,GJ 876,112660,Gl 876,1,,0.3343,124.26,0.055,,,,14.6,,0.32,0.3,,Mass,0,Radial Velocity,2010.0,15.248365124099868,15.292494082004945,0.28856612707147533,catalog identifier,18.320633559793105,NASA default,3,4.0,1.0,Published Confirmed,Rivera et al. 2010,https://ui.adsabs.harvard.edu/abs/2010ApJ...719..890R/abstract,Rivera et al. 2010,TICv8,2014-08-27,test_three
GJ 887 b,GJ 887,113687,Lacaille 9352,1,,0.0683,9.2619,0.14,7.8,426.0,,3.9,3688.0,0.495,0.468,-0.06,Msini,0,Radial Velocity,2020.0,10.720075207156148,10.684556777622795,0.3324277297841767,catalog identifier,117.92763855316305,NASA default,3,4.0,1.0,Published Confirmed,Hartogh et al. 2026,https://ui.adsabs.harvard.edu/abs/2026A&A...707A..93H/abstract,Hartogh et al. 2026,TICv8,2026-02-26,test_two
GJ 887 c,GJ 887,113687,Lacaille 9352,1,,0.121,21.784,0.17,2.5,320.0,,6.5,3688.0,0.495,0.468,-0.06,Msini,0,Radial Velocity,2020.0,10.720075207156148,10.684556777622795,0.3324277297841767,catalog identifier,117.92763855316305,NASA default,3,4.0,1.0,Published Confirmed,Hartogh et al. 2026,https://ui.adsabs.harvard.edu/abs/2026A&A...707A..93H/abstract,Hartogh et al. 2026,TICv8,2026-02-26,test_two
GJ 887 d,GJ 887,113687,Lacaille 9352,1,,0.212,50.77,,0.81,241.0,,6.1,3688.0,0.495,0.468,-0.06,Msini,0,Radial Velocity,2026.0,10.720075207156148,10.684556777622795,0.3324277297841767,catalog identifier,117.92763855316305,NASA default,1,4.0,1.0,Published Confirmed,Hartogh et al. 2026,https://ui.adsabs.harvard.edu/abs/2026A&A...707A..93H/abstract,Hartogh et al. 2026,TICv8,2026-02-26,test_two
GJ 887 e,GJ 887,113687,Lacaille 9352,1,,0.0417,4.4249,,20.9,544.0,,1.46,3688.0,0.495,0.468,-0.06,Msini,0,Radial Velocity,2026.0,10.720075207156148,10.684556777622795,0.3324277297841767,catalog identifier,117.92763855316305,NASA default,1,4.0,1.0,Published Confirmed,Hartogh et al. 2026,https://ui.adsabs.harvard.edu/abs/2026A&A...707A..93H/abstract,Hartogh et al. 2026,TICv8,2026-02-26,test_two
GJ 896 A b,GJ 896 A,115766,Gl 896A,1,,0.63965,284.39,0.35,,,,718.29219982,,0.43599,,,Mass,0,Astrometry,2022.0,20.41810678909911,20.162987270449072,1.2652863151083784,catalog identifier,9.229619748043959,NASA default,1,1.0,2.0,Published Confirmed,Curiel et al. 2022,https://ui.adsabs.harvard.edu/abs/2022AJ....164...93C/abstract,Curiel et al. 2022,TICv8,2022-09-14,
GJ 9066 c,GJ 9066,118100,Gl 83.1,1,,0.88,771.36,0.46,,,,66.74396547,3154.0,0.15,0.164,-0.13,Msini,0,Radial Velocity,2020.0,14.582451647715594,14.573645425517242,0.06042566524181287,verified alias,36.644817944792734,NASA default,2,1.0,1.0,Published Confirmed,Quirrenbach et al. 2022,https://ui.adsabs.harvard.edu/abs/2022A&A...663A..48Q/abstract,Quirrenbach et al. 2022,TICv8,2022-05-03,test_two
Gl 686 b,Gl 686,86022,Gl 686,1,,0.091,15.53,0.05,,,,6.624,3656.0,0.426,0.427,-0.23,Msini,0,Radial Velocity,2018.0,26.60548896821236,26.373004702175866,0.8815236210734576,catalog identifier,21.254701756099486,NASA default,3,1.0,1.0,Published Confirmed,Burt et al. 2021,https://ui.adsabs.harvard.edu/abs/2021AJ....161...10B/abstract,Burt et al. 2021,TICv8,2020-12-10,
Gl 725 A b,Gl 725 A,91484,Struve 2398 A,1,,0.068,11.2201,0.0,,,,2.78,3433.0,0.33,0.351,-0.19,Msini,0,Radial Velocity,2025.0,11.485270684917399,11.640847277088287,1.3364713793393375,catalog identifier,37.99839888255419,NASA default,1,2.0,2.0,Published Confirmed,Cortés-Zuleta et al. 2025,https://ui.adsabs.harvard.edu/abs/2025A&A...693A.164C/abstract,Cortés-Zuleta et al. 2025,TICv8,2025-02-24,test_two
Gl 725 B c,Gl 725 B,91487,Struve 2398 B,1,,0.139,37.9,,,215.0,,3.4,3379.0,0.25,0.28,-0.28,Msini,0,Radial Velocity,2026.0,22.316783741648027,11.267072068224898,98.07083514256766,catalog identifier,6.203693605556295,NASA default,1,2.0,2.0,Published Confirmed,Ould-Elhkim et al. 2026,https://ui.adsabs.harvard.edu/abs/2026A&A...705A.234O/abstract,Ould-Elhkim et al. 2026,TICv8,2026-08-20,test_two
Gliese 48 b,Gliese 48,4847,Gl 48,1,,0.1752,39.6299,0.0,0.89,271.0,,8.11,3450.0,0.47,0.463,,Msini,0,Radial Velocity,2026.0,26.85460720951241,26.86419620701728,0.035694339897516365,catalog identifier,38.0214878124669,NASA default,1,1.0,1.0,Published Confirmed,Conzo et al. 2026,https://ui.adsabs.harvard.edu/abs/2026OEJV..273....1C/abstract,Conzo et al. 2026,TICv8,2026-07-30,
HD 180617 b,HD 180617,94466,Gl 752A,1,,0.343,105.911,0.101,,,,12.214,3534.0,0.484,0.481,-0.04,Msini,0,Radial Velocity,2018.0,19.27776624568806,19.14505321559512,0.6931974991056009,catalog identifier,22.543698415082684,NASA default,2,1.0,2.0,Published Confirmed,Burt et al. 2021,https://ui.adsabs.harvard.edu/abs/2021AJ....161...10B/abstract,Burt et al. 2021,TICv8,2020-12-10,
HD 192310 b,HD 192310,99507,Gl 785,1,,0.32,74.72,0.13,,355.0,,16.9,5166.0,0.8,,-0.04,Msin(i)/sin(i),0,Radial Velocity,2011.0,28.69155254445088,29.06412097471671,1.2818843913770372,catalog identifier,20.653493889613735,NASA default,4,2.0,1.0,Published Confirmed,Pepe et al. 2011,https://ui.adsabs.harvard.edu/abs/2011A%26A...534A..58P/abstract,Pepe et al. 2011,TICv8,2015-07-01,
HD 192310 c,HD 192310,99507,Gl 785,1,,1.18,525.8,0.32,,185.0,,24.0,5166.0,0.8,,-0.04,Msin(i)/sin(i),0,Radial Velocity,2011.0,28.69155254445088,29.06412097471671,1.2818843913770372,catalog identifier,20.653493889613735,NASA default,2,2.0,1.0,Published Confirmed,Pepe et al. 2011,https://ui.adsabs.harvard.edu/abs/2011A%26A...534A..58P/abstract,Pepe et al. 2011,TICv8,2015-07-01,
HD 20794 b,HD 20794,15471,82 G. Eri,1,,0.1257,18.314,0.064,,,,2.15,5368.0,0.79,0.93,-0.42,Msini,0,Radial Velocity,2011.0,19.578449810305123,19.710934530933667,0.672138200350805,catalog identifier,55.35382328730088,NASA default,4,4.0,1.0,Published Confirmed,Nari et al. 2025,https://ui.adsabs.harvard.edu/abs/2025A&A...693A.297N/abstract,Nari et al. 2025,TICv8,2025-02-12,
HD 20794 d,HD 20794,15471,82 G. Eri,1,,0.3625,89.68,0.077,,,,2.98,5368.0,0.79,0.93,-0.42,Msini,0,Radial Velocity,2011.0,19.578449810305123,19.710934530933667,0.672138200350805,catalog identifier,55.35382328730088,NASA default,4,4.0,1.0,Published Confirmed,Nari et al. 2025,https://ui.adsabs.harvard.edu/abs/2025A&A...693A.297N/abstract,Nari et al. 2025,TICv8,2025-02-12,
HD 20794 e,HD 20794,15471,82 G. Eri,1,,0.509,147.02,0.29,,,,4.77,,0.813,,,Msini,1,Radial Velocity,2017.0,19.578449810305123,19.710934530933667,0.672138200350805,catalog identifier,55.35382328730088,NASA default,1,4.0,1.0,Published Confirmed,Feng et al. 2017,https://ui.adsabs.harvard.edu/abs/2017A&A...605A.103F/abstract,Feng et al. 2017,TICv8,2017-06-06,
HD 20794 f,HD 20794,15471,82 G. Eri,1,,1.3541,647.6,0.45,,,,5.82,5368.0,0.79,0.93,-0.42,Msini,0,Radial Velocity,2025.0,19.578449810305123,19.710934530933667,0.672138200350805,catalog identifier,55.35382328730088,NASA default,1,4.0,1.0,Published Confirmed,Nari et al. 2025,https://ui.adsabs.harvard.edu/abs/2025A&A...693A.297N/abstract,Nari et al. 2025,TICv8,2025-02-12,
HD 219134 b,HD 219134,114260,Gl 892,1,,0.03876,3.092926,0.0,176.2,1015.0,1.602,4.74,4699.0,0.81,0.778,0.11,Mass,0,Radial Velocity,2015.0,21.302153650900344,21.350848798093452,0.22807124744125853,catalog identifier,40.7232859619981,NASA default,8,6.0,1.0,Published Confirmed,Gillon et al. 2017,https://ui.adsabs.harvard.edu/abs/2017NatAs...1E..56G/abstract,Gillon et al. 2017,TICv8,2017-03-14,
HD 219134 c,HD 219134,114260,Gl 892,1,,0.0653,6.76458,0.062,62.1,782.0,1.511,4.36,4699.0,0.81,0.778,0.11,Mass,0,Radial Velocity,2015.0,21.302153650900344,21.350848798093452,0.22807124744125853,catalog identifier,40.7232859619981,NASA default,7,6.0,1.0,Published Confirmed,Gillon et al. 2017,https://ui.adsabs.harvard.edu/abs/2017NatAs...1E..56G/abstract,Gillon et al. 2017,TICv8,2017-03-14,
HD 219134 d,HD 219134,114260,Gl 892,1,radius_earth: lower limit; mass_or_msini_earth: lower limit,0.237,46.859,0.138,4.72,410.5,1.61,16.17,4699.0,0.81,0.778,0.11,Mass,0,Radial Velocity,2015.0,21.302153650900344,21.350848798093452,0.22807124744125853,catalog identifier,40.7232859619981,NASA default,5,6.0,1.0,Published Confirmed,Gillon et al. 2017,https://ui.adsabs.harvard.edu/abs/2017NatAs...1E..56G/abstract,Gillon et al. 2017,TICv8,2017-03-14,
HD 219134 f,HD 219134,114260,Gl 892,1,radius_earth: lower limit; mass_or_msini_earth: lower limit,0.1463,22.717,0.148,12.38,522.6,1.31,7.3,4699.0,0.81,0.778,0.11,Mass,1,Radial Velocity,2015.0,21.302153650900344,21.350848798093452,0.22807124744125853,catalog identifier,40.7232859619981,NASA default,4,6.0,1.0,Published Confirmed,Gillon et al. 2017,https://ui.adsabs.harvard.edu/abs/2017NatAs...1E..56G/abstract,Gillon et al. 2017,TICv8,2017-03-14,
HD 219134 g,HD 219134,114260,Gl 892,1,,0.3753,94.2,0.0,,,,10.80622,4913.0,0.794,0.77,0.08,Msini,1,Radial Velocity,2015.0,21.302153650900344,21.350848798093452,0.22807124744125853,catalog identifier,40.7232859619981,NASA default,1,6.0,1.0,Published Confirmed,Vogt et al. 2015,https://ui.adsabs.harvard.edu/abs/2015ApJ...814...12V/abstract,Vogt et al. 2015,TICv8,2015-11-18,
HD 219134 h,HD 219134,114260,Gl 892,1,,3.11,2247.0,0.06,,,,108.0622,4913.0,0.794,0.77,0.08,Msini,0,Radial Velocity,2015.0,21.302153650900344,21.350848798093452,0.22807124744125853,catalog identifier,40.7232859619981,NASA default,5,6.0,1.0,Published Confirmed,Vogt et al. 2015,https://ui.adsabs.harvard.edu/abs/2015ApJ...814...12V/abstract,Vogt et al. 2015,TICv8,2015-11-18,
HD 95735 c,GJ 411,53879,Lalande 21185,1,,2.94,2946.0,0.132,,,,13.6,3719.0,0.3899,0.3685,-0.3621,Msini,0,Radial Velocity,2021.0,18.511895624224934,8.306876784067736,122.85024932270605,catalog identifier,8.784039138133545,NASA default,3,2.0,1.0,Published Confirmed,Hurt et al. 2022,https://ui.adsabs.harvard.edu/abs/2022AJ....163..218H/abstract,Hurt et al. 2022,TICv8,2022-05-24,test_one
HN Lib b,HN Lib,71027,Gl 555,1,,0.1417,36.116,0.079,0.503,234.4,,5.46,3347.0,0.291,0.299,-0.18,Msini,0,Radial Velocity,2023.0,20.366574081419863,19.768338053411814,3.0262332948358344,catalog identifier,10.739074153096343,NASA default,1,1.0,1.0,Published Confirmed,González-Álvarez et al. 2023,https://ui.adsabs.harvard.edu/abs/2023A&A...675A.141G/abstract,González-Álvarez et al. 2023,TICv8,2023-08-07,
Kapteyn c,Kapteyn,24129,Kapteyn's Star,1,,0.311,121.54,0.23,,,,7.0,3550.0,0.281,0.291,-0.89,Msini,1,Radial Velocity,2014.0,12.827893413788374,12.757280558012699,0.5535102520836572,verified alias,147.02704750177244,NASA default,1,1.0,1.0,Published Confirmed,Anglada-Escudé et al. 2014,https://ui.adsabs.harvard.edu/abs/2014MNRAS.443L..89A/abstract,Anglada-Escudé et al. 2014,TICv8,2014-06-04,test_two
Proxima Cen b,Proxima Cen,70666,Proxima Centauri,1,,0.04848,11.18465,0.0,0.641,218.0,,1.055,2900.0,0.1221,0.141,,Msini,0,Radial Velocity,2016.0,4.243914171212492,4.226660498831277,0.40821051007022274,verified alias,77.43868236855394,NASA default,5,2.0,3.0,Published Confirmed,Suárez Mascareño et al. 2025,https://ui.adsabs.harvard.edu/abs/2025A&A...700A..11M/abstract,Suárez Mascareño et al. 2025,TICv8,2025-07-29,test_one
Proxima Cen d,Proxima Cen,70666,Proxima Centauri,1,,0.02881,5.12338,0.0,1.814,282.0,,0.26,2900.0,0.1221,0.141,,Msini,0,Radial Velocity,2025.0,4.243914171212492,4.226660498831277,0.40821051007022274,verified alias,77.43868236855394,NASA default,2,2.0,3.0,Published Confirmed,Suárez Mascareño et al. 2025,https://ui.adsabs.harvard.edu/abs/2025A&A...700A..11M/abstract,Suárez Mascareño et al. 2025,TICv8,2025-07-29,test_one
RR Cae b,RR Cae,118293,GJ 2034,1,,5.3,4343.5,0.0,,,,1334.886,,0.44,,,Msini,1,Eclipse Timing Variations,2012.0,69.11775494022139,26.51683966474895,160.65608049101488,verified alias,49.78179982440189,NASA default,1,1.0,2.0,Published Confirmed,Qian et al. 2012,https://ui.adsabs.harvard.edu/abs/2012MNRAS.422L..24Q/abstract,Qian et al. 2012,TICv8,2015-08-26,
Ross 128 b,Ross 128,57375,Ross 128,1,,0.0496,9.8658,0.116,1.38,301.0,,1.4,3192.0,0.168,0.1967,-0.02,Msini,0,Radial Velocity,2017.0,11.00627742860259,10.943524941529889,0.5734211545912414,catalog identifier,21.18691149339237,NASA default,1,1.0,1.0,Published Confirmed,Bonfils et al. 2018,https://ui.adsabs.harvard.edu/abs/2018A&A...613A..25B/abstract,Bonfils et al. 2018,TICv8,2017-11-16,test_two
Wolf 1061 b,Wolf 1061,80579,Wolf 1061,1,,0.0375,4.8869,0.15,7.34,,,1.91,3342.0,0.294,0.307,-0.09,Msini,0,Radial Velocity,2015.0,14.044032699380796,13.999284044358058,0.3196495969432966,catalog identifier,18.394719251118325,NASA default,2,3.0,1.0,Published Confirmed,Astudillo-Defru et al. 2017,https://ui.adsabs.harvard.edu/abs/2017A&A...602A..88A/abstract,Astudillo-Defru et al. 2017,TICv8,2017-03-29,test_two
Wolf 1061 c,Wolf 1061,80579,Wolf 1061,1,,0.089,17.8719,0.11,1.3,,,3.41,3342.0,0.294,0.307,-0.09,Msini,0,Radial Velocity,2015.0,14.044032699380796,13.999284044358058,0.3196495969432966,catalog identifier,18.394719251118325,NASA default,2,3.0,1.0,Published Confirmed,Astudillo-Defru et al. 2017,https://ui.adsabs.harvard.edu/abs/2017A&A...602A..88A/abstract,Astudillo-Defru et al. 2017,TICv8,2017-03-29,test_three
Wolf 1061 d,Wolf 1061,80579,Wolf 1061,1,,0.47,217.21,0.55,0.06,,,7.7,3342.0,0.294,0.307,-0.09,Msini,0,Radial Velocity,2015.0,14.044032699380796,13.999284044358058,0.3196495969432966,catalog identifier,18.394719251118325,NASA default,2,3.0,1.0,Published Confirmed,Astudillo-Defru et al. 2017,https://ui.adsabs.harvard.edu/abs/2017A&A...602A..88A/abstract,Astudillo-Defru et al. 2017,TICv8,2017-03-29,test_two
YZ Cet b,YZ Cet,5632,Gl 54.1,1,,0.01634,2.02087,0.06,8.21,471.2,,0.7,3151.0,0.142,0.157,-0.18,Msini,0,Radial Velocity,2017.0,12.107153050309915,12.034844181370113,0.600829290766688,catalog identifier,21.473648811118483,NASA default,3,3.0,1.0,Published Confirmed,Stock et al. 2020,https://ui.adsabs.harvard.edu/abs/2020A&A...636A.119S/abstract,Stock et al. 2020,TICv8,2022-02-15,test_two
YZ Cet c,YZ Cet,5632,Gl 54.1,1,,0.02156,3.05989,0.0,4.72,410.3,,1.14,3151.0,0.142,0.157,-0.18,Msini,0,Radial Velocity,2017.0,12.107153050309915,12.034844181370113,0.600829290766688,catalog identifier,21.473648811118483,NASA default,3,3.0,1.0,Published Confirmed,Stock et al. 2020,https://ui.adsabs.harvard.edu/abs/2020A&A...636A.119S/abstract,Stock et al. 2020,TICv8,2022-02-15,test_three
YZ Cet d,YZ Cet,5632,Gl 54.1,1,,0.02851,4.65626,0.07,2.7,356.7,,1.09,3151.0,0.142,0.157,-0.18,Msini,0,Radial Velocity,2017.0,12.107153050309915,12.034844181370113,0.600829290766688,catalog identifier,21.473648811118483,NASA default,3,3.0,1.0,Published Confirmed,Stock et al. 2020,https://ui.adsabs.harvard.edu/abs/2020A&A...636A.119S/abstract,Stock et al. 2020,TICv8,2022-02-15,test_two
eps Eri b,eps Eri,16496,Ran,1,,3.53,2680.0,0.06,,,,317.828407,,0.82,,,Mass,0,Radial Velocity,2000.0,10.445484152756421,10.489515263748181,0.41976306706881217,catalog identifier,15.235402929081381,NASA default,7,1.0,1.0,Published Confirmed,Thompson et al. 2025,https://ui.adsabs.harvard.edu/abs/2025AJ....170..301T/abstract,Thompson et al. 2025,TICv8,2026-07-02,test_two
eps Ind A b,eps Ind A,108526,Gl 845,1,,15.76,25450.0,0.25,,,,2065.8846455,4700.0,0.8,0.713,-0.17,Mass,0,Radial Velocity,2019.0,11.867428112688108,11.81468862641131,0.446389134275625,verified alias,86.56720462350998,NASA default,4,1.0,3.0,Published Confirmed,Sanghi et al. 2026,https://ui.adsabs.harvard.edu/abs/2026AJ....172..115S/abstract,Sanghi et al. 2026,TICv8,2026-07-09,test_two
tau Cet f,tau Cet,8087,Gl 71,1,,1.334,636.13,0.16,,,,3.93,,0.783,,,Msini,1,Radial Velocity,2017.0,11.75154475168535,11.905360099416564,1.2919840008766608,catalog identifier,30.333325204106046,NASA default,1,3.0,1.0,Published Confirmed,Feng et al. 2017,https://ui.adsabs.harvard.edu/abs/2017AJ....154..135F/abstract,Feng et al. 2017,TICv8,2017-08-14,test_two
tau Cet g,tau Cet,8087,Gl 71,1,,0.133,20.0,0.06,,,,1.75,,0.783,,,Msini,1,Radial Velocity,2017.0,11.75154475168535,11.905360099416564,1.2919840008766608,catalog identifier,30.333325204106046,NASA default,1,3.0,1.0,Published Confirmed,Feng et al. 2017,https://ui.adsabs.harvard.edu/abs/2017AJ....154..135F/abstract,Feng et al. 2017,TICv8,2017-08-14,test_three
tau Cet h,tau Cet,8087,Gl 71,1,,0.243,49.41,0.23,,,,1.83,,0.783,,,Msini,1,Radial Velocity,2017.0,11.75154475168535,11.905360099416564,1.2919840008766608,catalog identifier,30.333325204106046,NASA default,1,3.0,1.0,Published Confirmed,Feng et al. 2017,https://ui.adsabs.harvard.edu/abs/2017AJ....154..135F/abstract,Feng et al. 2017,TICv8,2017-08-14,test_two
