star_name,has_planets,planet_count,planet_count_override,confirmed_exoplanet_count,distance_ly,planet_names,notes,hyg_id,nasa_hosts,match_method,controversial_planet_count,distance_pc,spectral_type,hyg_luminosity_solar,apparent_magnitude,hip,hd,hr,gliese,bayer_flamsteed,proper_name,ra_deg_j2000,dec_deg_j2000,x_ly,y_ly,z_ly,component,primary_hyg_id,archive_planet_count,solar_system_planet_count,x_pc,y_pc,z_pc,system_id,faction_owners
Sol,Yes,8,,0,0.0,Mercury; Venus; Earth; Mars; Jupiter; Saturn; Uranus; Neptune,Sol: 8 Solar System planets; outside NASA exoplanet export.,0,,,0,0.0,G2V,1.0,-26.7,,,,,,Sol,0.0,0.0,0.0,0.0,0.0,1,0,0,8,0.0,0.0,0.0,hyg:0,
Proxima Centauri,Yes,2,,2,4.226660498831277,Proxima Cen b; Proxima Cen d,,70666,Proxima Cen,verified alias,0,1.2959,M5Ve,5.77032135333e-05,11.01,70890,,,Gl 551,,Proxima Centauri,217.439775,-62.679485,-1.5403191556602007,-1.178895488820946,-3.7547741899869154,1,70666,2,0,-0.472264,-0.361451,-1.151219,hyg:70666,
Toliman,Unknown,0,,0,4.320919691991415,,,71453,,,0,1.3248,K1V,0.44096081645063756,1.35,71681,128621,5460,Gl 559B,Alp2Cen,Toliman,219.90519,-60.8383,-1.6150644127415468,-1.3501993415253337,-3.7725660203913636,2,71456,0,0,-0.495181,-0.413973,-1.156674,hyg:71456,
Rigil Kentaurus,Unknown,0,,0,4.320919691991415,,,71456,,,0,1.3248,G2V,1.543121065657792,-0.01,71683,128620,5459,Gl 559A,Alp1Cen,Rigil Kentaurus,219.911475,-60.833976,-1.6151361671446445,-1.3505613751045995,-3.7724062037662827,1,71456,0,0,-0.495203,-0.414084,-1.156625,hyg:71456,
Barnard's Star,Yes,4,,4,5.948440016797965,Barnard b; Barnard c; Barnard d; Barnard e,,87665,Barnard's star,catalog identifier,0,1.8238,sdM4,0.0004425883723626,9.54,87937,,,Gl 699,,Barnard's Star,269.45207999999997,4.693388,-0.056663147500729816,-5.924999157931462,0.48637417514253917,1,87665,4,0,-0.017373,-1.816613,0.149123,hyg:87665,
Wolf 359,Unknown,0,,0,7.797094365696466,,,118720,,,0,2.3906,M6,2.0758692705e-05,13.45,,,,Gl 406,,Wolf 359,164.12226,7.01532,-7.445533667719366,2.117844253683238,0.9525625320681891,1,118720,0,0,-2.282811,0.649334,0.292057,hyg:118720,
Lalande 21185,Yes,2,,2,8.306876784067736,GJ 411 b; HD 95735 c,GJ 411: Catalog distances differ by >20%; HYG controls selection.,53879,GJ 411,catalog identifier,0,2.5469,M2V,0.0057016427228074665,7.49,54035,95735,,Gl 411,,Lalande 21185,165.83447999999999,35.969877,-6.516604426780532,1.6448229206444225,4.877681675009005,1,53879,2,0,-1.998,0.504305,1.495504,hyg:53879,
Gl 65A,Unknown,0,,0,8.567149573485697,,,118079,,,0,2.6267,dM5.5e,5.63378150851e-05,12.57,,,,Gl 65A,,,24.752985,-17.949782,7.405377294494881,3.4147594277809876,-2.6417459816458657,1,118079,0,0,2.270499,1.04697,-0.809963,hyg:118079,
Gl 65B,Unknown,0,,0,8.567149573485697,,,118080,,,0,2.6267,dM5.5e,4.99804313578e-05,12.7,,,,Gl 65B,,,24.752985,-17.949782,7.4058078209134655,3.414958383171395,-2.6418992751433925,2,118079,0,0,2.270631,1.047031,-0.81001,hyg:118079,
Sirius,Unknown,0,,0,8.60106983676824,,,32263,,,0,2.6371,A0m...,22.824433121735034,-1.44,32349,48915,2491,Gl 244A,9Alp CMa,Sirius,101.287215,-16.716116,-1.612265991020737,8.078016115387674,-2.4738472015248405,1,32263,0,0,-0.494323,2.476731,-0.758485,hyg:32263,
Gl 244B,Unknown,0,,0,8.60106983676824,,,118441,,,0,2.6371,DA2,0.002549177050509118,8.44,,,,Gl 244B,,,101.28838499999999,-16.71524,-1.6124486385922585,8.078286825181179,-2.473798278068183,2,32263,0,0,-0.494379,2.476814,-0.75847,hyg:32263,
Ross 154,Unknown,0,,0,9.686192105431845,,,92115,,,0,2.9698,M3.5Ve,0.0005465123745199,10.37,92403,,,Gl 729,,Ross 154,282.455535,-23.836232,1.9108947704581876,-8.651147887002868,-3.9142777049455115,1,92115,0,0,0.585883,-2.652454,-1.200123,hyg:92115,
Ross 248,Unknown,0,,0,10.33459098433273,,,119585,,,0,3.1686,dM6  e,0.0001060718149635,12.29,,,,Gl 905,,Ross 248,355.475685,44.174924,7.379774018844116,-0.5838916705160682,7.192641797129135,1,119585,0,0,2.262649,-0.179022,2.205274,hyg:119585,
Ran,Yes,1,,1,10.489515263748181,eps Eri b,,16496,eps Eri,catalog identifier,0,3.2161,K2V,0.2929543829769431,3.72,16537,22049,1084,Gl 144,18Eps Eri,Ran,53.23272,-9.458262,6.193611765927641,8.28902298395152,-1.7238114721998632,1,16496,1,0,1.89897,2.541426,-0.528523,hyg:16496,
Lacaille 9352,Yes,4,,4,10.684556777622795,GJ 887 b; GJ 887 c; GJ 887 d; GJ 887 e,,113687,GJ 887,catalog identifier,0,3.2759,M2/M3V,0.010734949358052354,7.35,114046,217987,,Gl 887,,Lacaille 9352,346.462965,-35.853073,8.419831260798599,-2.0265824376343162,-6.258200513406888,1,113687,4,0,2.581532,-0.621353,-1.918773,hyg:113687,
Ross 128,Yes,1,,1,10.943524941529889,Ross 128 b,,57375,Ross 128,catalog identifier,0,3.3553,M4.5V,0.0003496230040027,11.12,57548,,,Gl 447,,Ross 128,176.93499,0.804563,-10.925886404622968,0.5850332178380768,0.15365553110613495,1,57375,1,0,-3.349892,0.179372,0.047111,hyg:57375,
EZ Aqr,Unknown,0,,0,11.082467558437221,,,119518,,,0,3.3979,M5  e,8.67760744991e-05,12.66,,,,Gl 866A,,EZ Aqr,339.63843,-15.302542,10.012651808579863,-3.715782195030879,-2.9221948045893846,1,119518,0,0,3.069893,-1.139264,-0.895949,hyg:119518,
Struve 2398 B,Yes,1,,1,11.267072068224898,Gl 725 B c,Gl 725 B: Catalog distances differ by >20%; HYG controls selection.,91487,Gl 725 B,catalog identifier,0,3.4545,K5,0.0013702505971242452,9.7,91772,173740,,Gl 725B,,Struve 2398 B,280.698735,59.626847,1.0572913449530352,-5.598011081451542,9.720702711758053,2,91484,1,0,0.324167,-1.716358,2.980381,hyg:91484,
Gl 820A,Unknown,0,,0,11.371442109094255,,,103879,,,0,3.4865,K5V,0.08806432284180643,5.2,104214,201091,8085,Gl 820A,61    Cyg,,316.72191,38.749415,6.455795831719022,-6.078367671425207,7.116379912891405,1,103879,0,0,1.979356,-1.863636,2.181892,hyg:103879,
Gl 280B,Unknown,0,,0,11.40699315426538,,,118493,,,0,3.4974,DA,0.0005592422830409,10.7,,,,Gl 280B,,,114.82509,5.226824,-4.769299910693731,10.309871592465576,1.0391668350433159,2,37173,0,0,-1.462274,3.161021,0.31861,hyg:37173,
Gl 820B,Unknown,0,,0,11.408950092531683,,,103883,,,0,3.498,K7V,0.04051352202292637,6.05,104217,201092,8086,Gl 820B,61    Cyg,,316.727445,38.742055,6.478356068365689,-6.098436073346118,7.138721624765002,2,103879,0,0,1.986273,-1.869789,2.188742,hyg:103879,
Procyon,Unknown,0,,0,11.461787425721795,,,37173,,,0,3.5142,F5IV-V,7.4404636619191935,0.4,37279,61421,2943,Gl 280A,10Alp CMi,Procyon,114.825495,5.224993,-4.792254796557436,10.359281022125886,1.0437786862242306,1,37173,0,0,-1.469312,3.17617,0.320024,hyg:37173,
Gl 15B,Unknown,0,,0,11.637259556933403,,,117979,,,0,3.568,M6 Ve,0.000417637992951,11.06,,,,Gl 15B,,,4.5774,44.023502,8.342310412942883,0.6701861249323642,8.088658597992572,2,1472,0,0,2.557764,0.20548,2.479994,hyg:1472,
Struve 2398 A,Yes,1,,1,11.640847277088287,Gl 725 A b,,91484,Gl 725 A,catalog identifier,0,3.5691,K5,0.002945777902339458,8.94,91768,173739,,Gl 725A,,Struve 2398 A,280.697685,59.630396,1.092154200167178,-5.7830950411144615,10.043493155656758,1,91484,1,0,0.334856,-1.773105,3.079349,hyg:91484,
Groombridge 34,Yes,2,,2,11.700207737832732,GJ 15 A b; GJ 15 A c,,1472,GJ 15 A,catalog identifier,1,3.5873,M1V,0.006510284984348607,8.09,1475,1326,,Gl 15A,,Groombridge 34,4.59261,44.022954,8.386377401136192,0.6740673858271934,8.13126440561371,1,1472,2,0,2.571275,0.20667,2.493057,hyg:1472,
Gl 845,Yes,1,,1,11.81468862641131,eps Ind A b,,108526,eps Ind A,verified alias,0,3.6224,K5V,0.15205475297324955,4.69,108870,209100,8387,Gl 845,Eps Ind,,330.83229,-56.785977,5.650949523118745,-3.1530026268444153,-9.883539544896914,1,108526,1,0,1.732589,-0.966715,-3.030307,hyg:108526,
GJ 1111,Unknown,0,,0,11.82577794325368,,,118541,,,0,3.6258,M6.5,1.36395486751e-05,14.81,,,,GJ 1111,,,127.45866000000001,26.778532,-6.420231740292789,8.380102152428922,5.327647013707025,1,118541,0,0,-1.968452,2.569351,1.633464,hyg:118541,
Gl 71,Yes,3,,3,11.905360099416564,tau Cet f; tau Cet g; tau Cet h,,8087,tau Cet,catalog identifier,3,3.6502,G8V,0.46644452520377955,3.49,8102,10700,509,Gl 71,52Tau Cet,,26.017185,-15.93748,10.28724286297959,5.021203527459481,-3.2689349113038313,1,8087,3,0,3.154083,1.539508,-1.00226,hyg:8087,
Gl 54.1,Yes,3,,3,12.034844181370113,YZ Cet b; YZ Cet c; YZ Cet d,,5632,YZ Cet,catalog identifier,0,3.6899,M5.5Ve,0.0001713957307508,12.1,5643,,,Gl 54.1,,,18.12753,-16.998967,10.938541272078378,3.581115488235412,-3.5186793728490966,1,5632,3,0,3.353772,1.097975,-1.078832,hyg:5632,
HIP 82724,Unknown,0,,0,12.0560443459217,,,82472,,,0,3.6964,Mp,0.000216570849471,11.85,82724,,,,,,253.632945,-62.399734,-1.5738806469272535,-5.359238520452668,-10.684083850875107,1,82472,0,0,-0.482554,-1.64315,-3.275755,hyg:82472,
Luyten's Star,Yes,2,,2,12.402422419056881,GJ 273 b; GJ 273 c,GJ 273: Catalog distances differ by >20%; HYG controls selection.,36107,GJ 273,catalog identifier,0,3.8026,M5,0.0014588142602753474,9.84,36208,,,Gl 273,,Luyten's Star,111.852075,5.225785,-4.597333960542578,11.463927011559615,1.1296687067321578,1,36107,2,0,-1.409549,3.514856,0.346358,hyg:36107,
Kapteyn's Star,Yes,1,,1,12.757280558012699,Kapteyn c,,24129,Kapteyn,verified alias,1,3.9114,M0V,0.0038089037649813515,8.86,24186,33793,,Gl 191,,Kapteyn's Star,77.91253499999999,-45.018417,1.8884356422886124,8.823097529335135,-9.028726079230433,1,24129,1,0,0.578997,2.705174,-2.76822,hyg:24129,
Lacaille 8760,Unknown,0,,0,12.870782977458125,,,104751,,,0,3.9462,M1/M2V,0.028602236939542804,6.69,105090,202560,,Gl 825,,Lacaille 8760,319.31587499999995,-38.867362,7.599456647055229,-6.533421049615607,-8.077187678188274,1,104751,0,0,2.330004,-2.003156,-2.476477,hyg:104751,
Kruger 60,Unknown,0,,0,13.049516672446902,,,110547,,,0,4.001,M2V,0.002034229743211725,9.59,110893,239960,,Gl 860A,,Kruger 60,336.99963,57.695875,6.418865145070155,-2.7249386889100755,11.028932250598796,1,110547,0,0,1.968033,-0.83547,3.381486,hyg:110547,
Gl 860B,Unknown,0,,0,13.071369149753922,,,119505,,,0,4.0077,M6 V,0.0004222795013061,11.3,,,,Gl 860B,,,337.009005,57.696623,6.427400657475003,-2.7284481315343077,11.043847381751782,2,110547,0,0,1.97065,-0.836546,3.386059,hyg:110547,
Gl 234B,Unknown,0,,0,13.42818422697604,,,118428,,,0,4.1171,,2.13402744285e-05,14.6,,,,Gl 234B,,,97.349085,-2.812227,-1.7155923314814014,13.301837769376128,-0.6588260982964901,2,30847,0,0,-0.526003,4.078362,-0.201997,hyg:30847,
Ross 614,Unknown,0,,0,13.459821395614565,,,30847,,,0,4.1268,M4.5Ve,0.0005286886658509,11.12,30920,,,Gl 234A,,Ross 614,97.347495,-2.813979,-1.7193202988787037,13.33368367809639,-0.6608156522005622,1,30847,0,0,-0.527146,4.088126,-0.202607,hyg:30847,
HIP 82725,Unknown,0,,0,13.52407420202476,,,82473,,,0,4.1465,,0.000307043565073,11.72,82725,,,,,,253.634565,-62.403319,-1.7651550546392376,-6.011150103541563,-11.985447797964913,1,82473,0,0,-0.541199,-1.843027,-3.674755,hyg:82473,
Van Maanen's Star,Unknown,0,,0,13.902741756553901,,,3820,,,0,4.2626,DG,0.0001783199772233,12.37,3829,,,Gl 35,,Van Maanen's Star,12.29124,5.38861,13.525564736670926,2.9468848423825422,1.3057605350614274,1,3820,0,0,4.146957,0.903519,0.400348,hyg:3820,
GJ 1061,Yes,3,,3,13.99797941884719,GJ 1061 b; GJ 1061 c; GJ 1061 d,,118236,GJ 1061,catalog identifier,0,4.2918,M4.5,9.8446436398e-05,13.03,,,,GJ 1061,,,53.99556,-44.511897,5.865945284182069,8.073668450872711,-9.811044766821812,1,118236,3,0,1.798507,2.475398,-3.00808,hyg:118236,
Wolf 1061,Yes,3,,3,13.999284044358058,Wolf 1061 b; Wolf 1061 c; Wolf 1061 d,,80579,Wolf 1061,catalog identifier,0,4.2922,M4,0.0014628506869998534,10.1,80824,,,Gl 628,,Wolf 1061,247.57525499999997,-12.662594,-5.2102731180581,-12.625588397382009,-3.068691203204637,1,80579,3,0,-1.597477,-3.871023,-0.940865,hyg:80579,
Gl 473A,Unknown,0,,0,14.04625056274927,,,118830,,,0,4.3066,dM5.5eJ,9.8265258283e-05,13.04,,,,Gl 473A,,,188.32167,9.020714,-13.726470542216886,-2.007701244928294,2.2023318017669835,1,118830,0,0,-4.208555,-0.615564,0.675238,hyg:118830,
Gl 473B,Unknown,0,,0,14.04625056274927,,,118831,,,0,4.3066,M7,7.73392578049e-05,13.3,,,,Gl 473B,,,188.32167,9.020714,-13.726470542216886,-2.007701244928294,2.2023318017669835,2,118830,0,0,-4.208555,-0.615564,0.675238,hyg:118830,
Gl 1,Unknown,0,,0,14.154860636528944,,,442,,,0,4.3399,M2V,0.0061773185859152,8.56,439,225213,,Gl 1,,,1.3482450000000001,-37.357364,11.24862466350124,0.2654391064409944,-8.589354299680652,1,442,0,0,3.448844,0.081384,-2.633508,hyg:442,
GJ 3522,Unknown,0,,0,14.56059917040857,,,118583,,,0,4.4643,k,0.0007648917910071,10.89,,,,GJ 3522,,,134.73354,8.475397,-10.135997627504782,10.230700393338616,2.146007856899079,1,118583,0,0,-3.107711,3.136747,0.657969,hyg:118583,
Gl 83.1,Yes,1,,1,14.573645425517242,GJ 9066 c,,118100,GJ 9066,verified alias,0,4.4683,dM8  e,0.0002130100037411,12.28,,,,Gl 83.1,,,30.053445000000004,13.05304,12.283995038307932,7.107573690693053,3.290334031245827,1,118100,1,0,3.76629,2.179192,1.008821,hyg:118100,
GJ 3618,Unknown,0,,0,14.63887670106059,,,118704,,,0,4.4883,m,4.7424198526e-05,13.92,,,,GJ 3618,,,161.13621,-61.193586,-6.674708730878723,2.2812127217177776,-12.827355255765141,1,118704,0,0,-2.046475,0.699423,-3.932885,hyg:118704,
GJ 3622,Unknown,0,,0,14.758249935304917,,,118707,,,0,4.5249,M6.5,1.02612436519e-05,15.6,,,,GJ 3622,,,162.052065,-11.336727,-13.76505484170078,4.458668576556305,-2.9008707006142638,1,118707,0,0,-4.220385,1.367034,-0.889411,hyg:118707,
Gl 687,Yes,2,,2,14.769013095769571,GJ 687 b; GJ 687 c,,85899,GJ 687,catalog identifier,0,4.5282,M3.5Vvar,0.003908408957924021,9.15,86162,,,Gl 687,,,264.109245,68.339141,-0.5595930203761709,-5.422369348923521,13.725469242137297,1,85899,2,0,-0.171572,-1.662506,4.208248,hyg:85899,
Gl 674,Yes,1,,1,14.80913033022873,GJ 674 b,,85264,GJ 674,catalog identifier,0,4.5405,K5,0.0031798014276915245,9.38,85523,,,Gl 674,,,262.16580000000005,-46.89519,-1.3792305207059012,-10.02496421183867,-10.812002382215612,1,85264,1,0,-0.422874,-3.073668,-3.314975,hyg:85264,
Gl 440,Unknown,0,,0,15.029612041565251,,,57194,,,0,4.6081,DC:,0.0004647292416762,11.5,57367,,,Gl 440,,,176.42007,-64.841517,-6.377032328064206,0.39798579678130175,-13.603832482631615,1,57194,0,0,-1.955207,0.122023,-4.170954,hyg:57194,
Gl 876,Yes,4,,4,15.292494082004945,GJ 876 b; GJ 876 c; GJ 876 d; GJ 876 e,,112660,GJ 876,catalog identifier,0,4.6887,M5,0.001651961798229015,10.16,113020,,,Gl 876,,,343.319655,-14.263701,14.197368597236768,-4.254086988633477,-3.7678302297869166,1,112660,4,0,4.352933,-1.304309,-1.155222,hyg:112660,
GJ 1002,Yes,2,,2,15.326740501665203,GJ 1002 b; GJ 1002 c,,117960,GJ 1002,catalog identifier,0,4.6992,M5-5.5,6.08135001279e-05,13.75,,,,GJ 1002,,,1.682325,-7.539302,15.180752906999189,0.4458427220836795,-2.0100463092840775,1,117960,2,0,4.65444,0.136696,-0.616283,hyg:117960,
GJ 1245A,Unknown,0,,0,15.384796336898782,,,119312,,,0,4.717,M5.5 V e,8.37915067438e-05,13.41,,,,GJ 1245A,,,298.47333000000003,44.414534,5.239545652958178,-9.659789746655672,10.766966709580483,1,119312,0,0,1.606452,-2.961705,3.301167,hyg:119312,
GJ 1245B,Unknown,0,,0,15.384796336898782,,,119313,,,0,4.717,m,4.82169793901e-05,14.01,,,,GJ 1245B,,,298.47749999999996,44.414552,5.240250150734045,-9.659404882129968,10.766969971144261,2,119312,0,0,1.606668,-2.961587,3.301168,hyg:119312,
Gl 412B,Unknown,0,,0,15.760854640406189,,,118727,,,0,4.8323,M6  e,3.53508613362e-05,14.4,,,,Gl 412B,,,166.40260500000002,43.521487,-11.107046703061956,2.691331535750142,10.85334270309121,2,54052,0,0,-3.405436,0.825166,3.32765,hyg:54052,
Gl 412A,Unknown,0,,0,15.812061191707716,,,54052,,,0,4.848,M2Vvar,0.006070158063410442,8.82,54211,,,Gl 412A,,,166.37313,43.526777,-11.143077198108324,2.702159927490338,10.891046380355265,1,54052,0,0,-3.416483,0.828486,3.33921,hyg:54052,
Gl 380,Unknown,0,,0,15.89392644251462,,,49767,,,0,4.8731,K8V,0.04738053933388253,6.6,49908,88230,,Gl 380,,,152.84403,49.454237,-9.192440273025351,4.715705894707316,12.077022724136441,1,49767,0,0,-2.818415,1.445842,3.702832,hyg:49767,
Gl 388,Unknown,0,,0,15.996013388739959,,,118676,,,0,4.9044,M4.5Ve,0.003640826637894008,9.4,,,,Gl 388,,,154.902645,19.870262,-13.625084832203637,6.381813780561534,5.437607374890447,1,118676,0,0,-4.17747,1.956673,1.667178,hyg:118676,
Gl 832,Yes,1,,1,16.156808482954315,GJ 832 b,,106098,GJ 832,catalog identifier,0,4.9537,M1V,0.0073451386815711435,8.66,106440,204961,,Gl 832,,,323.391615,-49.009006,8.507312924429783,-6.320033239494428,-12.195453366449168,1,106098,1,0,2.608354,-1.937731,-3.739143,hyg:106098,
Keid,Unknown,0,,0,16.25726464729107,,,19799,,,0,4.9845,K1V,0.3657631930094519,4.43,19849,26965,1325,Gl 166A,40Omi2Eri,Keid,63.818055,-7.652871,7.108656529867072,14.458166498422852,-2.164830341457112,1,19799,0,0,2.179524,4.432894,-0.66374,hyg:19799,
GJ 1005A,Unknown,0,,0,16.264766243978556,,,1240,,,0,4.9868,M:,0.0005490349610252,11.49,1242,,,GJ 1005A,,,3.867045,-16.133807,15.58779932795346,1.053680793851711,-4.519441294416266,1,1240,0,0,4.779241,0.32306,-1.385667,hyg:1240,
Gl 166B,Unknown,0,,0,16.4526323175434,,,118281,,,0,5.0444,DA4,0.003448259965526229,9.52,,26976,,Gl 166B,,,63.842819999999996,-7.657504,7.186767720766455,14.632846069636608,-2.1918687051698305,2,19799,0,0,2.203473,4.486451,-0.67203,hyg:19799,
Gl 166C,Unknown,0,,0,16.4526323175434,,,118282,,,0,5.0444,dM4.5e,0.000754397082198,11.17,,,,Gl 166C,,,63.842819999999996,-7.657504,7.18495429130635,14.629153979440854,-2.191317500891489,3,19799,0,0,2.202917,4.485319,-0.671861,hyg:19799,
Gl 682,Yes,2,,2,16.564503955100246,GJ 682 b; GJ 682 c,,85951,GJ 682,catalog identifier,0,5.0787,M5,0.000945366045958,10.94,86214,,,Gl 682,,,264.265935,-44.319215,-1.1840846367904192,-11.790654162937363,-11.571653201555678,1,85951,2,0,-0.363042,-3.615031,-3.547885,hyg:85951,
Gl 702A,Unknown,0,,0,16.57983330485293,,,88327,,,0,5.0834,K0V SB,0.5500472528676338,4.03,88601,165341,6752,Gl 702A,70    Oph,,271.363695,2.500099,0.3941991212360103,-16.559161513633242,0.7232224135128839,1,88327,0,0,0.120862,-5.077062,0.221741,hyg:88327,
Gl 702B,Unknown,0,,0,16.588313370673568,,,119198,,,0,5.086,K5 Ve,0.08970156084148144,6.0,,,,Gl 702B,,,271.36485000000005,2.498264,0.39469814049391694,-16.56618039888171,0.7229973656122592,2,88327,0,0,0.121015,-5.079214,0.221672,hyg:88327,
Gl 873,Unknown,0,,0,16.70703429216246,,,112106,,,0,5.1224,M4.5Ve,0.0017490410399663018,10.29,112460,,,Gl 873,,,341.707905,44.333991,11.346266098298301,-3.7508309593803197,11.675527484730909,1,112106,0,0,3.478781,-1.15001,3.579733,hyg:112106,
Altair,Unknown,0,,0,16.73019139498035,,,97338,,,0,5.1295,A7IV-V,11.376272858234303,0.76,97649,187642,7557,Gl 768,53Alp Aql,Altair,297.69582,8.868322,7.68250910707702,-14.635615137283425,2.579078295231371,1,97338,0,0,2.355468,-4.4873,0.790749,hyg:97338,
GJ 1116A,Unknown,0,,0,17.049498488765042,,,118578,,,0,5.2274,m,5.65457540688e-05,14.06,,,,GJ 1116A,,,134.563515,19.763287,-11.255040159450926,11.42814765692409,5.763114701415534,1,118578,0,0,-3.450811,3.503886,1.766979,hyg:118578,
GJ 1116B,Unknown,0,,0,17.049498488765042,,,118579,,,0,5.2274,m,2.56094351716e-05,14.92,,,,GJ 1116B,,,134.563515,19.764954,-11.258673541498693,11.431826700864734,5.765498904536643,2,118578,0,0,-3.451925,3.505014,1.76771,hyg:118578,
HIP 67593,Unknown,0,,0,17.370762520816033,,,67380,,,0,5.3259,,0.0001171655673911,13.31,67593,,,,,,207.76155,23.776677,-14.066557058825914,-7.404558641986811,7.003418913032988,1,67380,0,0,-4.312826,-2.270248,2.147258,hyg:67380,
Gl 445,Unknown,0,,0,17.454584709889236,,,57371,,,0,5.3516,M4,0.0011934383792107956,10.8,57544,,,Gl 445,,,176.914995,78.69116,-3.417221908432749,0.18373041069539586,17.112482546865923,1,57371,0,0,-1.047725,0.056332,5.246711,hyg:57371,
GJ 3379,Unknown,0,,0,17.50709588670163,,,118406,,,0,5.3677,M4,0.0007372249081043,11.33,,,,GJ 3379,,,90.014865,2.707087,-0.0045368352140399,17.48755585811262,0.8268586025323791,1,118406,0,0,-0.001391,5.361709,0.253516,hyg:118406,
Gl 526,Unknown,0,,0,17.583416479087347,,,66943,,,0,5.3911,M3V,0.010452014414584357,8.46,67155,119850,,Gl 526,,,206.43225,14.89152,-15.216835587065992,-7.564430713652228,4.518877043882815,1,66943,0,0,-4.665503,-2.319265,1.385494,hyg:66943,
Gl 169.1B,Unknown,0,,0,17.98393651092351,,,118311,,,0,5.5139,DC5,0.0002797692637855,12.44,,,,Gl 169.1B,,,67.778895,58.981451,3.502081274787091,8.580221921104583,15.412245657647425,2,21036,0,0,1.073743,2.630708,4.725416,hyg:21036,
HIP 58910,Unknown,0,,0,17.99372120225501,,,58735,,,0,5.5169,F0Ib-II,0.024842768936968018,7.57,58910,104901,,,,,181.20342,-62.002292,-8.445043148796103,-0.17740297696769103,-15.887850149197755,1,58735,0,0,-2.589262,-0.054392,-4.871237,hyg:58735,
Gl 169.1A,Unknown,0,,0,18.193655061795376,,,21036,,,0,5.5782,,0.00127291674619356,10.82,21088,,,Gl 169.1A,,,67.79502000000001,58.977072,3.5432878715478244,8.68169243177604,15.591680588848291,1,21036,0,0,1.086377,2.661819,4.780431,hyg:21036,
HIP 33226,Unknown,0,,0,18.22007372839043,,,33139,,,0,5.5863,K:...,0.0030088462766457236,9.89,33226,265866,,,,,103.70433,33.268175,-3.609181244537938,14.80097968234959,9.995195919244464,1,33139,0,0,-1.10658,4.538001,3.064541,hyg:33139,
HIP 83609,Unknown,0,,0,18.31531139068372,,,83352,,,0,5.6155,G0,0.005480245321768504,9.25,83609,,,,,,256.33651499999996,-33.767358,-3.5965426849014146,-14.794662033313214,-10.180054831006759,1,83352,0,0,-1.102705,-4.536064,-3.121219,hyg:83352,
Gl 205,Unknown,0,,0,18.450992443813885,,,25813,,,0,5.6571,M1V,0.018080065521100055,7.97,25878,36395,,Gl 205,,,82.864155,-3.677229,2.287337938491298,18.270631228500307,-1.1833834005783284,1,25813,0,0,0.701301,5.601801,-0.362827,hyg:25813,
Gl 754,Unknown,0,,0,18.563190237748444,,,119276,,,0,5.6915,M4.5,0.0003617428867642,12.23,,,,Gl 754,,,290.19678,-45.55959,4.488740194581789,-12.199618383392611,-13.255634456908773,1,119276,0,0,1.376254,-3.74042,-4.064196,hyg:119276,
HIP 103039,Unknown,0,,0,18.634292328090698,,,102708,,,0,5.7133,,0.0007755324957586,11.41,103039,,,,,,313.1376,-16.974738,12.186151386556686,-13.005299652319842,-5.440281857187725,1,102708,0,0,3.736291,-3.987443,-1.667998,hyg:102708,
Gl 644B,Unknown,0,,0,18.719745299052484,,,119112,,,0,5.7395,,0.0031448504654769593,9.9,,,,Gl 644B,,,253.86781499999998,-8.3376,-5.146421483992493,-17.792547948479324,-2.714469069185368,2,82565,0,0,-1.5779,-5.45522,-0.83226,hyg:82565,
Gl 644C,Unknown,0,,0,18.719745299052484,,,119113,,,0,5.7395,M7,5.5667279815e-06,16.78,,,,Gl 644C,,,253.89711,-8.395842,-5.1374717529879455,-17.79568883439674,-2.7337775267461994,3,82565,0,0,-1.575156,-5.456183,-0.83818,hyg:82565,
Gl 229,Yes,2,,2,18.76508103555511,GJ 229 A c; GJ 229 b,,29222,GJ 229,catalog identifier,2,5.7534,M1/M2V,0.015848931924611134,8.15,29295,42581,,Gl 229,,,92.64426,-21.864643,-0.803443836176094,17.39683546165071,-6.988458119987121,1,29222,2,0,-0.246337,5.333894,-2.142671,hyg:29222,
Alsafi,Unknown,0,,0,18.769321068465427,,,95799,,,0,5.7547,K0V,0.39084089579240183,4.67,96100,185144,7462,Gl 764,61Sig Dra,Alsafi,293.08723499999996,69.661175,2.5585402281265477,-6.001329535008512,17.599893899289597,1,95799,0,0,0.784452,-1.840016,5.396152,hyg:95799,
Gl 251,Yes,2,,2,18.787911981995283,GJ 251 b; GJ 251 c,,118447,GJ 251,catalog identifier,0,5.7604,dM4,0.0028628592708721187,10.01,,,,Gl 251,,,103.70409,33.270718,-3.7216367020108945,15.264395710064647,10.30906272464884,1,118447,2,0,-1.141059,4.680085,3.160773,hyg:118447,
Gl 338A,Unknown,0,,0,18.953925578253106,,,45211,,,0,5.8113,M0V,0.025846396357698437,7.64,45343,79210,,Gl 338A,,,138.59739000000002,52.686625,-8.617827751455325,7.598980458743762,15.07498039370565,1,45211,0,0,-2.642238,2.329858,4.62201,hyg:45211,
Gl 213,Unknown,0,,0,19.012307569864404,,,26792,,,0,5.8292,M5,0.0007033961712162,11.56,26857,,,Gl 213,,,85.53849,12.489337,1.444155209254196,18.509162433779668,4.112228533709358,1,26792,0,0,0.44278,5.674935,1.260815,hyg:26792,
Gl 693,Unknown,0,,0,19.020135322929605,,,86722,,,0,5.8316,M5,0.0014845676750522715,10.75,86990,,,Gl 693,,,266.64493500000003,-57.319042,-0.6013540829790227,-10.250687256165097,-16.00623839118138,1,86722,0,0,-0.184376,-3.142875,-4.907535,hyg:86722,
Gl 570A,Unknown,0,,0,19.048837084168678,,,72957,,,0,5.8404,K4V,0.1530382532177437,5.72,73184,131977,5568,Gl 570A,,,224.366475,-21.415475,-12.677995204153534,-12.400768806221858,-6.955578295549497,1,72957,0,0,-3.887091,-3.802093,-2.13259,hyg:72957,
Gl 752A,Yes,1,,1,19.14505321559512,HD 180617 b,,94466,HD 180617,catalog identifier,0,5.8699,M3.5V,0.006748387308707573,9.12,94761,180617,,Gl 752A,,,289.23024,5.168904,6.280415024293175,-18.00429519202059,1.724913880756546,1,94466,1,0,1.925584,-5.520142,0.528861,hyg:94466,
Gl 752B,Unknown,0,,0,19.156468688815202,,,119275,,,0,5.8734,dM5  e,2.9484923139e-06,17.52,,,,Gl 752B,,,289.24215000000004,5.148625,6.2877470196642475,-18.013306892736903,1.7190952509780792,2,94466,0,0,1.927832,-5.522905,0.527077,hyg:94466,
Gl 300,Unknown,0,,0,19.185822762809707,,,118532,,,0,5.8824,M4,0.0004357124805031,12.1,,,,Gl 300,,,123.16962000000001,-21.551445,-9.763083471478565,14.936817290541057,-7.047652240978934,1,118532,0,0,-2.993375,4.579649,-2.16082,hyg:118532,
Gl 570B,Unknown,0,,0,19.325417692472477,,,72955,,,0,5.9252,K5V,0.019124936418442054,8.01,73182,131976,,Gl 570B,,,224.36041500000002,-21.41152,-12.86371843031678,-12.579766687876583,-7.055310392727723,2,72957,0,0,-3.944034,-3.856974,-2.163168,hyg:72957,
Gl 588,Unknown,0,,0,19.33813779120343,,,75841,,,0,5.9291,M0,0.005780960474057175,9.31,76074,,,Gl 588,,,233.05481999999998,-41.275586,-8.73575285138259,-11.615446218391707,-12.757306650522917,1,75841,0,0,-2.678394,-3.561312,-3.911408,hyg:75841,
Guniibuu,Unknown,0,,0,19.351836359067534,,,84147,,,0,5.9333,K2:III:,0.5680675741067719,4.33,84405,155885,6401,Gl 663A,36    Oph,Guniibuu,258.83754,-26.602829,-3.3497760310847036,-16.975780624273504,-8.665828185563898,1,84147,0,0,-1.027046,-5.204798,-2.656955,hyg:84147,
Gl 34B,Unknown,0,,0,19.41511069634458,,,118021,,,0,5.9527,K7 V,0.0305914455948641,7.51,,,,Gl 34B,,,12.25533,57.817365,10.105616160920468,2.1975992727263134,16.43355216944697,2,3814,0,0,3.098396,0.673787,5.03855,hyg:3814,
Achird,Unknown,0,,0,19.416415321855446,,,3814,,,0,5.9531,G0V SB,1.2752637064597296,3.46,3821,4614,219,Gl 34A,24Eta Cas,Achird,12.2739,57.815187,10.105831424129759,2.199034360788267,16.432984657349746,1,3814,0,0,3.098462,0.674227,5.038376,hyg:3814,
Gl 285,Unknown,0,,0,19.427830795075533,,,37659,,,0,5.9566,M4.5Ve,0.001032761405761397,11.19,37766,,,Gl 285,,,116.167395,3.552454,-8.551458190153744,17.403860870026726,1.2038399285887225,1,37659,0,0,-2.621889,5.336048,0.369099,hyg:37659,
Gl 664,Unknown,0,,0,19.473166531578162,,,84220,,,0,5.9705,K5V,0.09120108393559093,6.33,84478,156026,,Gl 664,,,259.05582,-26.546147,-3.307313732269761,-17.103363214544963,-8.702915427274068,1,84220,0,0,-1.014027,-5.243915,-2.668326,hyg:84220,
Gl 661A,Unknown,0,,0,19.49632363439605,,,83882,,,0,5.9776,K5,0.005877599636806001,9.31,84140,155876,,Gl 661A,,,258.032535,45.665974,-2.8249838962109095,-13.328103142473656,13.944662635781834,1,83882,0,0,-0.866144,-4.086415,4.275453,hyg:83882,
Gl 908,Unknown,0,,0,19.49632363439605,,,117106,,,0,5.9776,M2V,0.007965260797837782,8.98,117473,,,Gl 908,,,357.30219,2.401223,19.45553777936257,-0.9167505617948907,0.8167510163869371,1,117106,0,0,5.965095,-0.281077,0.250417,hyg:117106,
Guniibuu B,Unknown,0,,0,19.521111519102522,,,119135,,,0,5.9852,K1 Ve,0.29241523778433354,5.07,,155886,6402,Gl 663B,36    Oph,Guniibuu B,258.83601,-26.603215,-3.379740017505541,-17.124129591114187,-8.741770436551464,2,84147,0,0,-1.036233,-5.250282,-2.680239,hyg:84147,
Gl 783A,Unknown,0,,0,19.618306119662112,,,99143,,,0,6.015,K2V,0.23463889244641298,5.32,99461,191408,7703,Gl 783A,,,302.79948,-36.101212,8.584977281091694,-13.321410413602909,-11.557135981183507,1,99143,0,0,2.632166,-4.084363,-3.543434,hyg:99143,
82 G. Eri,Yes,4,,4,19.710934530933667,HD 20794 b; HD 20794 d; HD 20794 e; HD 20794 f,,15471,HD 20794,catalog identifier,1,6.0434,G8V,0.6286370884130494,4.26,15510,20794,1008,Gl 139,,82 G. Eri,49.97916,-43.069784,9.26035581555731,11.028974650927898,-13.462101228694804,1,15471,4,0,2.839238,3.381499,-4.127499,hyg:15471,
Gl 783B,Unknown,0,,0,19.738331666661875,,,119334,,,0,6.0518,M3.5,0.0008009400305333,11.5,,,,Gl 783B,,,302.798685,-36.102643,8.639119239792674,-13.40519020234701,-11.630488550532002,2,99143,0,0,2.648766,-4.11005,-3.565924,hyg:99143,
Gl 555,Yes,1,,1,19.768338053411814,HN Lib b,,71027,HN Lib,catalog identifier,0,6.061,M4,0.0009488553267278,11.32,71253,,,Gl 555,,,218.57007000000002,-12.519555,-15.088502837125784,-12.032081636850851,-4.285293630853416,1,71027,1,0,-4.626156,-3.689053,-1.313877,hyg:71027,
Gl 780,Unknown,0,,0,19.922936176449547,,,98924,,,0,6.1084,G5IV-Vvar,1.23594743344451,3.55,99240,190248,7665,Gl 780,Del Pav,,302.17735500000003,-66.182068,4.284951166656813,-6.809209097921554,-18.22558903273762,1,98924,0,0,1.313772,-2.087713,-5.587991,hyg:98924,
GJ 3323,Yes,2,,2,20.0096937729222,GJ 3323 b; GJ 3323 c,,118344,GJ 3323,catalog identifier,0,6.135,m,0.0004738053933388,12.1,,,,GJ 3323,,,75.48717,-6.945051,4.977589896631198,19.229074360058725,-2.4195160721247855,1,118344,2,0,1.526136,5.895661,-0.741827,hyg:118344,
GJ 1221,Unknown,0,,0,20.03415550125096,,,119184,,,0,6.1425,DXP9,7.19117735783e-05,14.15,,,,GJ 1221,,,267.06282,70.874972,-0.3403963651678563,-6.55497346305513,18.928387533877885,1,119184,0,0,-0.104366,-2.009764,5.80347,hyg:119184,
GJ 3454,Unknown,0,,0,20.13298088369913,,,118488,,,0,6.1728,m,0.0001709228005234,13.22,,,,GJ 3454,,,114.104415,7.080332,-8.159630225783735,18.237294785133876,2.481606461750722,1,118488,0,0,-2.501754,5.59158,0.760864,hyg:118488,
Gl 896A,Yes,1,,1,20.162987270449072,GJ 896 A b,,115766,GJ 896 A,catalog identifier,0,6.182,M6Ve,0.0031798014276915245,10.05,116132,,,Gl 896A,,,352.96732499999996,19.937259,18.81198232267078,-2.320684166549058,6.875405796342944,1,115766,1,0,5.76778,-0.711525,2.108009,hyg:115766,
Gl 644A,Unknown,0,,0,20.20669222506312,,,82565,,,0,6.1954,M3Ve,0.008241381150130013,9.02,82817,152751,,Gl 644A,,,253.86983999999998,-8.336344,-5.554622498523883,-19.206448892136518,-2.929693139713093,1,82565,0,0,-1.703055,-5.888724,-0.898248,hyg:82565,
Gl 784,Unknown,0,,0,20.215498447261467,,,99382,,,0,6.1981,M0V,0.021697015538008506,7.97,99701,191849,,Gl 784,,,303.47168999999997,-45.164019,7.860991661654954,-11.889065326785836,-14.334732617275952,1,99382,0,0,2.410191,-3.645204,-4.395049,hyg:99382,
GJ 1128,Unknown,0,,0,20.258224932742362,,,118644,,,0,6.2112,m,0.0002596569790274,12.78,,,,GJ 1128,,,145.72288500000002,-68.885517,-6.029085442752207,4.1094692507538735,-18.89487170450371,1,118644,0,0,-1.848526,1.259969,-5.793194,hyg:118644,
GJ 3877,Unknown,0,,0,20.258224932742362,,,118995,,,0,6.2112,dM8,5.0862769031e-06,17.05,,,,GJ 3877,,,224.16006,-28.165379,-12.812482524941258,-12.44183841730395,-9.562249420335704,1,118995,0,0,-3.928325,-3.814685,-2.931799,hyg:118995,
Gl 581,Yes,3,,3,20.269640405962445,GJ 581 b; GJ 581 c; GJ 581 e,,74766,GJ 581,catalog identifier,0,6.2147,M5,0.001989756811090657,10.57,74995,,,Gl 581,,,229.86180000000002,-7.72228,-12.94782111387482,-15.355226999694983,-2.723627540271654,1,74766,3,0,-3.96982,-4.707934,-0.835068,hyg:74766,
Gl 896B,Unknown,0,,0,20.377272010608973,,,119568,,,0,6.2477,dM6  e,0.0003729065399622,12.4,,,,Gl 896B,,,352.968045,19.937322,19.01172701151207,-2.3449436779236295,6.948415901494837,2,115766,0,0,5.829022,-0.718963,2.130394,hyg:115766,
Gl 268,Unknown,0,,0,20.52991319538041,,,34511,,,0,6.2945,M5Ve,0.0007550922276654,11.65,34603,,,Gl 268,,,107.50793999999999,38.52946,-4.831726241388716,15.317167811979218,12.789119943605407,1,34511,0,0,-1.481414,4.696265,3.921162,hyg:34511,
Gl 661B,Unknown,0,,0,20.620584668385664,,,119134,,,0,6.3223,M3.5,0.002407686845612442,10.4,,,,Gl 661B,,,258.031065,45.665514,-2.9881403625999328,-14.097404929030361,14.749332819938145,2,83882,0,0,-0.916168,-4.322284,4.522166,hyg:83882,
Gl 338B,Yes,1,,1,20.8472633508988,GJ 338 B b,,45214,GJ 338 B,catalog identifier,0,6.3918,K2,0.029593749953433862,7.7,120005,79211,,Gl 338B,,,138.605355,52.686376,-9.479881888707117,8.356781971422174,16.580782419912087,2,45211,1,0,-2.906545,2.562201,5.083691,hyg:45211,
GJ 2097,Unknown,0,,0,20.9076022807764,,,118865,,,0,6.4103,m,0.0003323533035775,12.58,,,,GJ 2097,,,196.75938000000002,20.815405,-18.711822960637743,-5.634935244972854,7.429274772290186,1,118865,0,0,-5.737071,-1.727679,2.277826,hyg:118865,
Gl 223.2,Unknown,0,,0,21.069375844123904,,,118399,,,0,6.4599,DZ9,6.03114819618e-05,14.45,,,,Gl 223.2,,,88.79016,-4.169761,0.44367378217186315,21.008926021077883,-1.5319923833370923,1,118399,0,0,0.136031,6.441366,-0.469711,hyg:118399,
Gl 625,Yes,1,,1,21.253654197533862,GJ 625 b,,80218,GJ 625,catalog identifier,0,6.5164,M2,0.003280952931131187,10.13,80459,,,Gl 625,,,246.35184000000004,54.304103,-4.974103284953406,-11.359641771348464,17.2603324944487,1,80218,1,0,-1.525067,-3.482882,5.292042,hyg:80218,
GJ 1156,Unknown,0,,0,21.331279415430444,,,118812,,,0,6.5402,dM   e,0.0001114807803364,13.81,,,,GJ 1156,,,184.75167,11.125205,-20.858496176547366,-1.7336940104446807,4.115946716415328,1,118812,0,0,-6.395244,-0.531553,1.261955,hyg:118812,
Gl 892,Yes,6,,6,21.350848798093452,HD 219134 b; HD 219134 c; HD 219134 d; HD 219134 f; HD 219134 g; HD 219134 h,,114260,HD 219134,catalog identifier,2,6.5462,K3Vvar,0.22080047330188987,5.57,114622,219134,8832,Gl 892,,,348.31647000000004,57.168355,11.335894325486908,-2.3432737572697193,17.93997389277107,1,114260,6,0,3.475601,-0.718451,5.500421,hyg:114260,
Gl 408,Unknown,0,,0,21.729190196244875,,,53612,,,0,6.6622,M3,0.003760105236684952,10.03,53767,,,Gl 408,,,165.01782,22.832962,-19.345786158260886,5.177269354196943,8.431957754922106,1,53612,0,0,-5.931445,1.587358,2.58525,hyg:53612,
Gl 566B,Unknown,0,,0,21.851498837888652,,,118988,,,0,6.6997,K4 Ve,0.06367955209079156,6.97,,,,Gl 566B,,,222.84732,19.099249,-15.13926581575362,-14.042411702183543,7.150101220783539,2,72432,0,0,-4.64172,-4.305423,2.192231,hyg:72432,
Gl 829,Unknown,0,,0,21.86780665677449,,,105765,,,0,6.7047,M4,0.002889348981559078,10.33,106106,,,Gl 829,,,322.403265,17.64329,16.51087406191228,-12.713529941505774,6.627693289030854,1,105765,0,0,5.062257,-3.897986,2.03206,hyg:105765,
Gl 566A,Unknown,0,,0,21.892594541480964,,,72432,,,0,6.7123,G8V + K4V,0.5992389025834781,4.54,72659,131156,5544,Gl 566A,37Xi  Boo,,222.847395,19.10046,-15.167318525801035,-14.068419411742676,7.163835665849191,1,72432,0,0,-4.650321,-4.313397,2.196442,hyg:72432,
Gl 643,Unknown,0,,0,21.901400763679312,,,82557,,,0,6.715,M4,0.000797994687268,11.73,82809,,,Gl 643,,,253.855125,-8.322576,-6.025817355847485,-20.81570119822715,-3.170083436345441,1,82557,0,0,-1.847524,-6.382123,-0.971952,hyg:82557,
Gl 299,Unknown,0,,0,22.037734129564914,,,118530,,,0,6.7568,dM5,0.000293494522227,12.83,,,,Gl 299,,,122.98944,8.775732,-11.855663652143864,18.263344895022115,3.3613415362385393,1,118530,0,0,-3.634963,5.599567,1.030592,hyg:118530,
Gl 402,Unknown,0,,0,22.049475759162714,,,52866,,,0,6.7604,M4:,0.0008790225168309,11.64,53020,,,Gl 402,,,162.71695499999998,6.808149,-20.905430079300803,6.5045366408050125,2.6138563497873073,1,52866,0,0,-6.409634,1.9943,0.801412,hyg:52866,
GJ 4285,Unknown,0,,0,22.1874399069369,,,119513,,,0,6.8027,m,0.0010597416418830963,11.45,,,,GJ 4285,,,339.490125,-65.822318,8.511924775610698,-3.1820533754076457,-20.24115064636889,1,119513,0,0,2.609768,-0.975622,-6.205965,hyg:119513,
HIP 85605,Unknown,0,,0,22.211575478887937,,,85345,,,0,6.8101,,0.001123052347541083,11.39,85605,,,,,,262.40103,24.654069,-2.669472535315566,-20.009550264116008,9.265306869371049,1,85345,0,0,-0.818464,-6.134956,2.840756,hyg:85345,
Gl 667A,Unknown,0,,0,22.295071511583423,,,84451,,,0,6.8357,K4V,0.1760353953616164,5.91,84709,156384,6426,Gl 667A,,,259.73763,-34.989792,-3.2538925791635354,-17.973183135150187,-12.784687478432236,1,84451,0,0,-0.997648,-5.510603,-3.919803,hyg:84451,
Gl 880,Unknown,0,,0,22.3257302110888,,,112936,,,0,6.8451,M2:,0.013765753865094156,8.68,113296,216899,,Gl 880,,,344.145135,16.553433,20.585522857781115,-5.846457440613493,6.360577738808396,1,112936,0,0,6.31155,-1.792532,1.950162,hyg:112936,
Gl 293,Unknown,0,,0,22.540341107626414,,,118510,,,0,6.9109,DQ9,9.70957006529e-05,14.08,,,,Gl 293,,,118.28038500000001,-67.791861,-4.040757886660288,7.500422524525317,-20.86823194442221,1,118510,0,0,-1.238902,2.29964,-6.398229,hyg:118510,
Gl 667B,Unknown,0,,0,22.736687247011893,,,119143,,,0,6.9711,K5 V,0.055821306891772615,7.2,,,,Gl 667B,,,259.734435,-34.992895,-3.3183345562728097,-18.328592478384348,-13.039014437084422,2,84451,0,0,-1.017406,-5.619572,-3.99778,hyg:84451,
Gl 667C,Yes,5,,5,22.736687247011893,GJ 667 C b; GJ 667 C c; GJ 667 C e; GJ 667 C f; GJ 667 C g,,119144,GJ 667 C,catalog identifier,3,6.9711,M2.5,0.003394689053800783,10.24,,,,Gl 667C,,,259.73895000000005,-34.997665,-3.3166646356188996,-18.327737948674727,-13.040527802677028,3,84451,5,0,-1.016894,-5.61931,-3.998244,hyg:84451,
Gl 809,Unknown,0,,0,22.98978459612009,,,102765,,,0,7.0487,M2V,0.016458869432193036,8.55,103096,199305,,Gl 809,,,313.33245,62.15439,7.368798856733948,-7.81071139446614,20.327343992308094,1,102765,0,0,2.259284,-2.394775,6.232392,hyg:102765,
Gl 393,Yes,1,,1,23.049797369619967,GJ 393 b,,51172,GJ 393,catalog identifier,0,7.0671,M2,0.006003437587325644,9.65,51317,,,Gl 393,,,157.23147,0.841,-21.25159615079047,8.919616986192851,0.33832201060557787,1,51172,1,0,-6.515769,2.734767,0.10373,hyg:51172,
268 G. Cet,Unknown,0,,0,23.41900638919532,,,12082,,,0,7.1803,K3V,0.21697015538008513,5.79,12114,16160,753,Gl 105A,,268 G. Cet,39.020355,6.88687,18.0640470404183,14.638625560649748,2.8082488124702634,1,12082,0,0,5.538462,4.488223,0.861013,hyg:12082,
GJ 3737,Unknown,0,,0,23.46434212569795,,,118835,,,0,7.1942,M4,0.0003614098626396,12.74,,,,GJ 3737,,,189.706755,-38.374865,-18.132031075789577,-3.1007230210601984,-14.566757002819864,1,118835,0,0,-5.559306,-0.950686,-4.466188,hyg:118835,
Gl 105B,Unknown,0,,0,23.511960956844593,,,118157,,,0,7.2088,dM4.5,0.0009808441360309,11.66,,,,Gl 105B,,,39.06465,6.87166,18.127641010945506,14.713471926208188,2.8136173464474807,2,12082,0,0,5.55796,4.511171,0.862659,hyg:12082,
GJ 1286,Unknown,0,,0,23.53218265226303,,,119571,,,0,7.215,M5,6.03114819618e-05,14.69,,,,GJ 1286,,,353.79423,-2.390374,23.373931577794867,-2.5415996658679396,-0.9814762949527784,1,119571,0,0,7.16648,-0.779258,-0.300922,hyg:119571,
GJ 4053,Unknown,0,,0,23.754947458243567,,,119212,,,0,7.2833,m,0.0001874131239977,13.48,,,,GJ 4053,,,274.73089500000003,66.192187,0.7924686740659256,-9.55635903615414,21.73351176824962,1,119212,0,0,0.242972,-2.929993,6.663525,hyg:119212,
GJ 1230A,Unknown,0,,0,23.98195229713442,,,119229,,,0,7.3529,k-m,0.0005161786054967,12.4,,,,GJ 1230A,,,280.287405,24.784458,3.8886124595829807,-21.422939142260184,10.053372432337799,1,119229,0,0,1.192254,-6.568303,3.082378,hyg:119229,
GJ 1230B,Unknown,0,,0,23.98195229713442,,,119230,,,0,7.3529,m,0.0001182496870383,14.0,,,,GJ 1230B,,,280.28738999999996,24.786125,3.888557012998769,-21.42265538621157,10.054005175710568,2,119229,0,0,1.192237,-6.568216,3.082572,hyg:119229,
GJ 3991,Unknown,0,,0,24.283973102900124,,,83688,,,0,7.4455,M3,0.000945366045958,11.77,83945,,,GJ 3991,,,257.38111499999997,43.681351,-3.836580732645829,-17.13778249708541,16.7716523937157,1,83688,0,0,-1.176301,-5.254468,5.142212,hyg:83688,
96 G. Psc,Unknown,0,,0,24.3146318024055,,,3759,,,0,7.4549,K2V,0.24479356661960658,5.74,3765,4628,222,Gl 33,,96 G. Psc,12.095730000000001,5.280615,23.67363015015123,5.073346147565057,2.237736076568136,1,3759,0,0,7.258368,1.555495,0.686093,hyg:3759,
GJ 4274,Yes,2,,2,24.321807242715266,GJ 4274 b; GJ 4274 c,,119492,GJ 4274,catalog identifier,0,7.4571,M4,0.0002427727847681,13.25,,,,GJ 4274,,,335.77774500000004,-17.607447,21.141440095780418,-9.511127669692382,-7.357194212814786,1,119492,2,0,6.481995,-2.916125,-2.255726,hyg:119492,
Gl 19,Unknown,0,,0,24.327351901136453,,,2016,,,0,7.4588,G2IV,3.6074473386419155,2.82,2021,2151,98,Gl 19,Bet Hyi,,6.418740000000001,-77.254247,5.3335276131972575,0.6018139634716032,-23.728545099467397,1,2016,0,0,1.635267,0.184517,-7.275205,hyg:2016,
Gl 109,Unknown,0,,0,24.493691653771993,,,12748,,,0,7.5098,M3.5Ve,0.002959374995343386,10.55,12781,,,Gl 109,,,41.06439,25.523357,16.66583421852928,14.520419966237647,10.554195335013189,1,12748,0,0,5.109768,4.451981,3.235931,hyg:12748,
HIP 62951,Unknown,0,,0,24.554356740027306,,,62752,,,0,7.5284,A2,0.019480495532907652,8.51,62951,,,,,,193.494465,-18.034764,-22.70339320397457,-5.448279211569339,-7.601879988941664,1,62752,0,0,-6.960892,-1.67045,-2.330747,hyg:62752,
GJ 2005,Unknown,0,,0,24.55990139844849,,,117987,,,0,7.5301,M5.5,3.35428530833e-05,15.42,,,,GJ 2005,,,6.175485,-27.147825,21.694920945638174,2.347393112320282,-11.18963602102739,1,117987,0,0,6.651693,0.719714,-3.430758,hyg:117987,
Gl 68,Unknown,0,,0,24.567402995135975,,,7966,,,0,7.5324,K1V,0.3962780342554391,5.24,7981,10476,493,Gl 68,107    Psc,,25.62405,20.268504,20.778783557833393,9.966233232903217,8.510300516849668,1,7966,0,0,6.370804,3.055661,2.60927,hyg:7966,
GJ 1224,Unknown,0,,0,24.578492311978344,,,119199,,,0,7.5358,m,0.0001747430855267,13.63,,,,GJ 1224,,,271.887045,-15.965789,0.778003638714188,-23.617596484459494,-6.760641151715753,1,119199,0,0,0.238537,-7.241188,-2.072822,hyg:119199,
Gl 53B,Unknown,0,,0,24.63426505256791,,,118043,,,0,7.5529,,0.0019787913352337363,11.0,,,,Gl 53B,,,17.030925,54.920396,13.534263327264634,4.154922403552479,20.159559366919268,2,5325,0,0,4.149624,1.273905,6.180949,hyg:5325,
Gl 53A,Unknown,0,,0,24.63785277272279,,,5325,,,0,7.554,G5Vp,0.4250108331760469,5.17,5336,6582,321,Gl 53A,30Mu  Cas,,17.062155,54.92034,13.53450794454792,4.155564931616581,20.160136663707828,1,5325,0,0,4.149699,1.274102,6.181126,hyg:5325,
GJ 3378,Yes,1,,1,24.671446879627617,GJ 3378 b,,118405,GJ 3378,catalog identifier,0,7.5643,m,0.0010318106352675907,11.71,,,,GJ 3378,,,90.291945,59.600972,-0.06318301349128752,12.48406262196316,21.279671691784326,1,118405,1,0,-0.019372,3.827631,6.524377,hyg:118405,
Gl 879,Unknown,0,,0,24.817891093222435,,,112923,,,0,7.6092,K4Vp,0.12906247820605365,6.48,113283,216803,8721,Gl 879,,,344.100075,-31.565567,20.3370993295656,-5.7930917340914805,-12.99165653103995,1,112923,0,0,6.235383,-1.77617,-3.98326,hyg:112923,
GJ 3193B,Unknown,0,,0,24.89747324938532,,,118187,,,0,7.6336,M3,0.000967386449969,11.8,,,,GJ 3193B,,,45.459585,-16.589769,16.7365123055805,17.00706554402409,-7.108656529867072,2,118187,0,0,5.131438,5.21439,-2.179524,hyg:118187,
GJ 3192,Unknown,0,,0,24.89747324938532,,,119616,,,0,7.6336,M3,0.00272898,10.96,,,,GJ 3192,,,45.45984,-16.590778,16.736290519243653,17.007111205916974,-7.109067486902997,1,119616,0,0,5.13137,5.214404,-2.17965,hyg:119616,
Gl 514,Yes,1,,1,24.969879965238437,GJ 514 b,,65653,GJ 514,catalog identifier,0,7.6558,M1V,0.01224616199265047,9.05,65859,,,Gl 514,,,202.49907000000002,10.377162,-22.692352810588858,-9.399066861436463,4.497826911264977,1,65653,1,0,-6.957507,-2.881767,1.37904,hyg:65653,
Vega,Unknown,0,,0,25.04456977573557,,,90979,,,0,7.6787,A0Vvar,49.93441887213498,0.03,91262,172167,7001,Gl 721,3Alp Lyr,Vega,279.2346,38.783692,3.1329440096148358,-19.26934814957919,15.687244407519296,1,90979,0,0,0.960565,-5.908009,4.809731,hyg:90979,
Gl 673,Unknown,0,,0,25.115998022455535,,,85036,,,0,7.7006,K7V,0.04979663541644856,7.54,85295,157881,,Gl 673,,,261.438465,2.111422,-3.736418109049017,-24.81858580630697,0.9253219514012866,1,85036,0,0,-1.145591,-7.609413,0.283705,hyg:85036,
Fomalhaut,Unknown,0,,0,25.12578271378704,,,113008,,,0,7.7036,A3V,17.587333541355722,1.17,113368,216956,8728,Gl 881,24Alp PsA,Fomalhaut,344.41256999999996,-29.622236,21.03877259120274,-5.869105739482144,-12.419242303455734,1,113008,0,0,6.450517,-1.799476,-3.807757,hyg:113008,
GJ 3417,Unknown,0,,0,25.283316244224228,,,118451,,,0,7.7519,m,0.0001814679779397,13.65,,,,GJ 3417,,,104.483655,62.325443,-2.9379644654519894,11.369338400457982,22.390902778484158,1,118451,0,0,-0.900784,3.485855,6.865082,hyg:118451,
GJ 1093,Unknown,0,,0,25.30321178326495,,,118455,,,0,7.758,m,6.13196969716e-05,14.83,,,,GJ 1093,,,104.86775999999999,19.349633,-6.12606804166628,23.074581992762663,8.383761626986903,1,118455,0,0,-1.878261,7.074699,2.570473,hyg:118455,
Gl 701,Unknown,0,,0,25.30516872153125,,,88300,,,0,7.7586,M2V,0.009366988779521163,9.37,88574,165222,,Gl 701,,,271.28157,-3.031319,0.5652029100728988,-25.264386128061545,-1.3382359255906837,1,88300,0,0,0.173292,-7.746096,-0.410305,hyg:88300,
Gl 480.1,Unknown,0,,0,25.377901593762083,,,61681,,,0,7.7809,M4,0.0006698846094165,12.24,61874,,,Gl 480.1,,,190.193595,-43.566376,-18.097102989299888,-3.2538567019619866,-17.48942473415694,1,61681,0,0,-5.548597,-0.997637,-5.362282,hyg:61681,
Gl 915,Unknown,0,,0,25.44117593103913,,,119615,,,0,7.8003,DA5,0.0003194478724209,13.05,,,,Gl 915,,,0.5408850000000001,-43.165974,18.55532334591792,0.17619293680636192,-17.404669737843466,1,119615,0,0,5.689088,0.054021,-5.336296,hyg:119615,
p Eridani,Unknown,0,,0,25.512930334136815,,,7736,,,0,7.8223,K0V,0.26472807400175613,5.76,7751,10360,486,Gl 66B,,p Eridani,24.947535,-56.1964,12.869951278694948,5.987167825088051,-21.200500492657365,2,118084,0,0,3.945945,1.835674,-6.500103,hyg:118084,
Gl 382,Unknown,0,,0,25.66557151890825,,,49845,,,0,7.8691,M3,0.010665961212302578,9.26,49986,,,Gl 382,,,153.07362,-3.745662,-22.83446240592382,11.597807681484785,-1.6766818756197939,1,49845,0,0,-7.001078,3.555904,-0.514073,hyg:49845,
GJ 3789,Unknown,0,,0,25.885400917489335,,,118894,,,0,7.9365,M4  e,0.0009103323996799,11.95,,,,GJ 3789,,,202.94379,29.27375,-20.793405148246435,-8.8020180426433,12.657515845196702,1,118894,0,0,-6.375287,-2.698711,3.880812,hyg:118894,
GJ 1087,Unknown,0,,0,26.071636209165593,,,118400,,,0,7.9936,DAP9,0.000127526370646,14.1,,,,GJ 1087,,,89.10558,5.364556,0.4052068989839504,25.954278621335558,2.437500334792087,1,118400,0,0,0.124237,7.957618,0.747341,hyg:118400,
Gl 793,Unknown,0,,0,26.07783318034221,,,100854,,,0,7.9955,M3,0.003385322128153541,10.54,101180,,,Gl 793,,,307.632,65.44956,6.616131045440796,-8.580835095094692,23.720557529777114,1,100854,0,0,2.028515,-2.630896,7.272756,hyg:100854,
Gl 257A,Unknown,0,,0,26.123821229600274,,,33412,,,0,8.0096,M4+...,0.002649720098878961,10.81,33499,,,Gl 257A,,,104.44524,-44.2912,-4.664326480525597,18.10836516902245,-18.24240239400892,1,33412,0,0,-1.430089,5.55205,-5.593146,hyg:33412,
Gl 831B,Unknown,0,,0,26.13001820077689,,,119418,,,0,8.0115,,6.13196969716e-05,14.9,,,,Gl 831B,,,322.82856,-9.790445,20.518044364795294,-15.557796202767298,-4.4432837802194065,2,105913,0,0,6.290861,-4.770042,-1.362317,hyg:105913,
Gl 257B,Unknown,0,,0,26.172092373502352,,,118454,,,0,8.0244,M3,0.0011716556739113013,11.7,,,,Gl 257B,,,104.44930500000001,-44.290792,-4.6726369450298195,18.142037553457925,-18.275976931531083,2,33412,0,0,-1.432637,5.562374,-5.60344,hyg:33412,
GJ 1276,Unknown,0,,0,26.260480751863593,,,119536,,,0,8.0515,DZ9+,3.10170149948e-05,15.65,,,,GJ 1276,,,343.47219,-6.782264,24.99930579363604,-7.418221332649365,-3.10127422533854,1,119536,0,0,7.664822,-2.274437,-0.950855,hyg:119536,
Gl 623,Unknown,0,,0,26.27744088350486,,,80105,,,0,8.0567,M3,0.0044096081645063736,10.27,80346,,,Gl 623,,,246.03744,48.352905,-7.091572458802269,-15.957040963166587,19.63526625130338,1,80105,0,0,-2.174286,-4.892451,6.0202,hyg:80105,
Gl 713A,Unknown,0,,0,26.279723978148876,,,89660,,,0,8.0574,F7Vvar,2.1498096103893576,3.55,89937,170153,6927,Gl 713A,44Chi Dra,,275.26104000000004,72.732843,0.7156979858789585,-7.767922939273481,25.096219899710793,1,89660,0,0,0.219434,-2.381656,7.694536,hyg:89660,
GJ 4063,Unknown,0,,0,26.302881080966767,,,119224,,,0,8.0645,M3  p,0.0015317927158934159,11.42,,,,GJ 4063,,,278.650635,40.121916,3.025270004639207,-19.884335569146774,16.950001224178774,1,119224,0,0,0.927552,-6.096565,5.196894,hyg:119224,
Tabit,Unknown,0,,0,26.31560117969772,,,22396,,,0,8.0684,F6V,3.003308878676558,3.19,22449,30652,1543,Gl 178,1Pi 3Ori,Tabit,72.460035,6.961276,7.872504981788354,24.90781240655894,3.1894962639471416,1,22396,0,0,2.413721,7.63677,0.977904,hyg:22396,
Gl 686,Yes,1,,1,26.373004702175866,Gl 686 b,,86022,Gl 686,catalog identifier,0,8.086,M1,0.008083510373900676,9.62,86287,,,Gl 686,,,264.472155,18.591709,-2.4078396738025263,-24.88021305387655,8.40821030906055,1,86022,1,0,-0.738247,-7.628308,2.577969,hyg:86022,
GJ 2034,Yes,1,,1,26.51683966474895,RR Cae b,RR Cae: Catalog distances differ by >20%; HYG controls selection.,118293,RR Cae,verified alias,1,8.1301,DA8,0.0001037528415818,14.36,,,,GJ 2034,,,65.253165,-48.657863,7.332200849590352,15.907302115564784,-19.908275447271183,1,118293,1,0,2.248063,4.877201,-6.103905,hyg:118293,
GJ 1123,Unknown,0,,0,26.51683966474895,,,118621,,,0,8.1301,m,0.0003311311214826,13.1,,,,GJ 1123,,,139.207395,-77.838716,-4.231366935361729,3.6470055996617488,-25.921760830477197,1,118621,0,0,-1.297343,1.118177,-7.947648,hyg:118621,
GJ 1289,Yes,1,,1,26.51683966474895,GJ 1289 b,,119588,GJ 1289,catalog identifier,0,8.1301,k,0.0005395106225151,12.57,,,,GJ 1289,,,355.77318,36.537175,21.24684079080336,-1.5691057175574805,15.786053482148583,1,119588,1,0,6.514311,-0.48109,4.840026,hyg:119588,
Gl 493.1,Unknown,0,,0,26.55989230660756,,,118861,,,0,8.1433,dM5  e,0.0002521157630807,13.4,,,,Gl 493.1,,,195.140715,5.685534,-25.50540590650289,-6.901299351169876,2.6305881719641757,1,118861,0,0,-7.819993,-2.115948,0.806542,hyg:118861,
p Eridani,Unknown,0,,0,26.57065546707221,,,118084,,,0,8.1466,K2 V,0.27669416454115103,5.8,,10361,487,Gl 66A,,p Eridani,24.945045,-56.19462,13.405444604321627,6.236259973877882,-22.08111292780124,1,118084,0,0,4.110128,1.912046,-6.7701,hyg:118084,
Gl 747A,Unknown,0,,0,26.603271104843884,,,119260,,,0,8.1566,M3.5 J,0.001045201441458435,11.86,,,,Gl 747A,,,286.924995,32.543654,6.527938360906189,-21.44804339865304,14.306803846652064,1,119260,0,0,2.001475,-6.576,4.386486,hyg:119260,
Gl 747B,Unknown,0,,0,26.603271104843884,,,119261,,,0,8.1566,M5   K,0.0007928663748785,12.16,,,,Gl 747B,,,286.924995,32.543654,6.52985942197094,-21.454367570816967,14.311017787052165,2,119260,0,0,2.002064,-6.577939,4.387778,hyg:119260,
Gl 518,Unknown,0,,0,26.690354857694253,,,118902,,,0,8.1833,DZ9,8.05378441199e-05,14.65,,,,Gl 518,,,204.135135,3.679643,-24.306999743166926,-10.890886563730183,1.7129276338754558,1,118902,0,0,-7.45256,-3.339161,0.525186,hyg:118902,
Gl 54,Unknown,0,,0,26.72525359010995,,,5485,,,0,8.194,K,0.007027486176561337,9.8,5496,,,Gl 54,,,17.59389,-67.444956,9.77171356923295,3.0989063300363164,-24.681779513673682,1,5485,0,0,2.996021,0.950129,-7.567468,hyg:5485,
GJ 1151,Yes,1,,1,26.778090923300063,GJ 1151 c,,118777,GJ 1151,catalog identifier,0,8.2102,m,0.0002943065989699,13.25,,,,GJ 1151,,,177.755625,48.376728,-17.76927342936546,0.6997587236999413,20.013144507398447,1,118777,1,0,-5.448084,0.214547,6.136058,hyg:118777,
Gl 884,Unknown,0,,0,26.802226495251098,,,113216,,,0,8.2176,K5/M0V,0.04145720317867258,7.88,113576,217357,,Gl 884,,,345.06735000000003,-22.524347,23.921965616144757,-6.379820965093684,-10.267461478671068,1,113216,0,0,7.334508,-1.956062,-3.148018,hyg:113216,
Gl 48,Yes,1,,1,26.86419620701728,Gliese 48 b,,4847,Gliese 48,catalog identifier,0,8.2366,M3.5e,0.006020048636844589,9.98,4856,,,Gl 48,,,15.625050000000002,71.679816,8.13172428610629,2.275668063296593,25.502600961654522,1,4847,1,0,2.493198,0.697723,7.819133,hyg:4847,
GJ 1227,Unknown,0,,0,26.88833177896832,,,119218,,,0,8.244,m,0.0002560943517157,13.41,,,,GJ 1227,,,275.62618499999996,62.048056,1.2324047041491548,-12.542992556289022,23.75156847817042,1,119218,0,0,0.377857,-3.845699,7.282264,hyg:119218,
Gl 831A,Unknown,0,,0,27.06249928466906,,,105913,,,0,8.2974,M4e...,0.0009862794856312,11.96,106255,,,Gl 831A,,,322.827495,-9.790663,21.248585727424146,-16.112464261839946,-4.6016685788024345,1,105913,0,0,6.514846,-4.940104,-1.410878,hyg:105913,
Gl 695A,Unknown,0,,0,27.105225770149953,,,86705,,,0,8.3105,G5IV,2.5775078699705363,3.42,86974,161797,6623,Gl 695A,86Mu  Her,,266.614785,27.720676,-1.416842874184196,-23.95194591038448,12.608080323026174,1,86705,0,0,-0.434406,-7.3437,3.865655,hyg:86705,
Gl 232,Unknown,0,,0,27.17958942426937,,,118425,,,0,8.3333,M4.5,0.0003610771451004,13.06,,,,Gl 232,,,96.172485,23.434998,-2.681644691331955,24.79298905378376,10.809549686255183,1,118425,0,0,-0.822196,7.601565,3.314223,hyg:118425,
Gl 618A,Unknown,0,,0,27.21383584392963,,,79777,,,0,8.3438,M4,0.003620762177566729,10.56,80018,,,Gl 618A,,,245.01511499999998,-37.529011,-9.116054449364091,-19.562500763434777,-16.578019875392823,1,79777,0,0,-2.794995,-5.99789,-5.082844,hyg:79777,
Gar,Yes,1,,1,27.300267284024567,GJ 486 b,,62257,GJ 486,catalog identifier,0,8.3703,M4,0.0016966802323464623,11.39,62452,,,Gl 486,,Gar,191.985975,9.751397,-26.319775981332494,-5.587688232096807,4.624036383186248,1,62257,1,0,-8.06968,-1.713193,1.417736,hyg:62257,
Gl 695B,Unknown,0,,0,27.39648341545101,,,119179,,,0,8.3998,M3   J,0.004450409766495373,10.35,,,,Gl 695B,,,266.60611500000005,27.715759,-1.4359197607168483,-24.208565748372013,12.74063027493026,2,86705,0,0,-0.440255,-7.42238,3.906295,hyg:86705,
Gl 695C,Unknown,0,,0,27.39648341545101,,,119180,,,0,8.3998,M4   K,0.002940356573672504,10.8,,,,Gl 695C,,,266.60611500000005,27.715759,-1.4360404385766037,-24.210617271987854,12.741709852540502,3,86705,0,0,-0.440292,-7.423009,3.906626,hyg:86705,
Gl 438,Unknown,0,,0,27.40822504504881,,,118769,,,0,8.4034,K0,0.004413671434634396,10.36,,,,Gl 438,,,175.82439,-51.839852,-16.889714479321608,1.2313642653042385,-21.55078918076137,1,118769,0,0,-5.17841,0.377538,-6.607502,hyg:118769,
Chara,Unknown,0,,0,27.525967497404555,,,61124,,,0,8.4395,G0V,1.2496833972112191,4.24,61317,109358,4785,Gl 475,8Bet CVn,Chara,188.43616500000002,41.35748,-20.43765334081567,-3.030948387175256,18.188048433662427,1,61124,0,0,-6.266213,-0.929293,5.576481,hyg:61124,
GJ 3146,Unknown,0,,0,27.59348186759192,,,118128,,,0,8.4602,m,3.01161880308e-05,15.79,,,,GJ 3146,,,34.129709999999996,13.594943,22.2010243200688,15.048134462255783,6.486020743242033,1,118128,0,0,6.806865,4.613779,1.988623,hyg:118128,
GJ 1154A,Unknown,0,,0,27.59348186759192,,,118805,,,0,8.4602,m,0.0002008167804184,13.73,,,,GJ 1154A,,,183.568635,0.621346,-27.53835817819401,-1.7174318534517239,0.2992354303000033,1,118805,0,0,-8.443299,-0.526567,0.091746,hyg:118805,
GJ 1057,Yes,1,,1,27.616965126787523,CD Cet b,,118201,CD Cet,verified alias,0,8.4674,m,0.0001886253245351,13.8,,,,GJ 1057,,,48.34278,4.775634,18.292486967371104,20.561987413565074,2.299226338459073,1,118201,1,0,5.608502,6.304334,0.704946,hyg:118201,
Gl 618B,Unknown,0,,0,27.63327294567336,,,119077,,,0,8.4724,M5  :,0.0001367728825596,14.15,,,,Gl 618B,,,245.01798,-37.530714,-9.255884211618813,-19.863252820891162,-16.833821060872292,2,79777,0,0,-2.837867,-6.090101,-5.161273,hyg:79777,
GJ 3076,Unknown,0,,0,27.64044838598313,,,118048,,,0,8.4746,m,0.0001128236121649,14.36,,,,GJ 3076,,,17.856585,15.439265,25.35950637405886,8.169724765674069,7.35835206795568,1,118048,0,0,7.77526,2.504849,2.256081,hyg:118048,
Gl 745A,Unknown,0,,0,27.76993246793668,,,93578,,,0,8.5143,M2,0.003107420310388586,10.77,93873,,,Gl 745A,,,286.773255,20.888048,7.487516516659064,-24.841866848548392,9.901514022872883,1,93578,0,0,2.295683,-7.616551,3.035818,hyg:93578,
Gl 185B,Unknown,0,,0,27.786240286822512,,,118345,,,0,8.5193,,0.003988411869090523,10.5,,,,Gl 185B,,,75.61637999999999,-21.255243,6.432984454661513,25.084321715051686,-10.073160339773874,2,23397,0,0,1.972362,7.690888,-3.088445,hyg:23397,
HIP 18899,Unknown,0,,0,27.895828829735336,,,18852,,,0,8.5529,,0.004369180633852877,10.41,18899,,,,,,60.76635,-15.152604,13.149897820816783,23.496559852688808,-7.291711796860595,1,18852,0,0,4.031777,7.204078,-2.235649,hyg:18852,
Gl 506,Yes,3,,3,27.903004270045106,61 Vir b; 61 Vir c; 61 Vir d,,64720,61 Vir,catalog identifier,0,8.5551,G5V,0.8098414473257883,4.74,64924,115617,5019,Gl 506,61    Vir,,199.601445,-18.311196,-24.954785448077704,-8.886642576405688,-8.766431120270628,1,64720,3,0,-7.651172,-2.724657,-2.6878,hyg:64720,
GJ 3517,Unknown,0,,0,27.9242044345967,,,118572,,,0,8.5616,m,1.9284127756e-06,18.8,,,,GJ 3517,,,133.400145,-3.49008,-19.150835968172036,20.25134303317254,-1.6999074712770035,1,118572,0,0,-5.871673,6.20909,-0.521194,hyg:118572,
Gl 185A,Unknown,0,,0,27.97475867314279,,,23397,,,0,8.5771,M0V,0.030394849687701085,8.31,23452,32450,,Gl 185A,,,75.61845,-21.256645,6.475485892241782,25.25406654027059,-10.141956504525666,1,23397,0,0,1.985393,7.742932,-3.109538,hyg:23397,
Gl 450,Unknown,0,,0,28.00117733973785,,,57629,,,0,8.5852,M1V,0.00800940030533287,9.76,57802,,,Gl 450,,,177.78072,35.272017,-22.843575215117227,0.8853188716743281,16.1695383663766,1,57629,0,0,-7.003872,0.27144,4.957603,hyg:57629,
Gl 17,Unknown,0,,0,28.005743529025885,,,1595,,,0,8.5866,F9V,1.3049684141302225,4.23,1599,1581,77,Gl 17,Zet Tuc,,5.01213,-64.874791,11.845719144187282,1.0400637650820368,-25.35613717867704,1,1595,0,0,3.631914,0.318885,-7.774227,hyg:1595,
Gl 877,Unknown,0,,0,28.100002722186023,,,112869,,,0,8.6155,K,0.004389347855347169,10.42,113229,,,Gl 877,,,343.94707500000004,-75.458671,6.7793331737227,-1.9516773639278888,-27.197439962821807,1,112869,0,0,2.078553,-0.598387,-8.338773,hyg:112869,
GJ 1105,Unknown,0,,0,28.102285816830037,,,38846,,,0,8.6162,M4V,0.001006468066438325,12.02,38956,,,GJ 1105,,,119.55274499999999,41.303706,-10.412418419183497,18.364296817053,18.54870889457782,1,38846,0,0,-3.192462,5.630519,5.68706,hyg:38846,
Gl 867B,Unknown,0,,0,28.18741263141411,,,119519,,,0,8.6423,dM4  e,0.0017108029875993287,11.45,,,,Gl 867B,,,339.68861999999996,-20.620869,24.741149759109458,-9.157407816494796,-9.927117298523648,2,111450,0,0,7.585671,-2.807674,-3.043668,hyg:111450,
Gl 222A,Unknown,0,,0,28.255905470734625,,,27844,,,0,8.6633,G0V,1.1460405911366023,4.39,27913,39587,2047,Gl 222A,54Chi1Ori,,88.59579000000001,20.276174,0.6495241184040085,26.496650584968283,9.791824371482965,1,27844,0,0,0.199145,8.12391,3.002187,hyg:27844,
HIP 31292,Unknown,0,,0,28.31461361872364,,,31220,,,0,8.6813,,0.0017914306484060245,11.41,31292,,,,,,98.44734,-75.624991,-1.032372997695476,6.953373478436132,-27.428127107217083,1,31220,0,0,-0.316527,2.131914,-8.409502,hyg:31220,
Gl 867A,Unknown,0,,0,28.35897088609312,,,111450,,,0,8.6949,M0Vpe,0.015645880180405514,9.06,111802,214479,,Gl 867A,,,339.68982,-20.621134,24.891605696150194,-9.21267175313512,-9.987567121569668,1,111450,0,0,7.631801,-2.824618,-3.062202,hyg:111450,
GJ 3839,Unknown,0,,0,28.36158013711485,,,118955,,,0,8.6957,m,0.0003791403441833,13.1,,,,GJ 3839,,,214.26487500000002,31.711595,-19.940215941340984,-13.583662972233611,14.908089436791768,1,118955,0,0,-6.113698,-4.16477,4.570841,hyg:118955,
Gl 250B,Unknown,0,,0,28.376257174112105,,,118446,,,0,8.7002,M2,0.006070158063410442,10.09,,,,Gl 250B,,,103.074975,-5.188427,-6.392870481766131,27.526231684070506,-2.565999424484929,2,32897,0,0,-1.960063,8.439581,-0.786739,hyg:32897,
Gl 183,Unknown,0,,0,28.40104505881858,,,23256,,,0,8.7078,K3V,0.21478304741305337,6.22,23311,32147,1614,Gl 183,,,75.204165,-5.753675,7.216552321179549,27.32160769581857,-2.8473256080845064,1,23256,0,0,2.212605,8.376843,-0.872994,hyg:23256,
Gl 250A,Unknown,0,,0,28.408220499128348,,,32897,,,0,8.71,K3V,0.15417004529495587,6.58,32984,50281,,Gl 250A,,,103.075215,-5.173713,-6.400541679770028,27.558697289908427,-2.5617039449903998,1,32897,0,0,-1.962415,8.449535,-0.785422,hyg:32897,
Gl 745B,Unknown,0,,0,28.547489272413397,,,93604,,,0,8.7527,M2,0.00331436245009259,10.76,93899,349726,,Gl 745B,,,286.8051,20.877015,7.711908842964408,-25.535001336216904,10.173603457855522,2,93578,0,0,2.364482,-7.829067,3.119241,hyg:93578,
Gl 791.2,Unknown,0,,0,28.56020937114435,,,119346,,,0,8.7566,dM6  e,0.0004025316189742,13.05,,,,Gl 791.2,,,307.449645,9.688571,17.117286830309688,-22.348221954896143,4.806054472898631,1,119346,0,0,5.248184,-6.851996,1.473543,hyg:119346,
GJ 2069B,Unknown,0,,0,28.61011129693501,,,118543,,,0,8.7719,,0.0003147748314101,13.32,,,,GJ 2069B,,,127.90719,19.400083,-16.57950062534766,21.291961264096695,9.50320859284142,2,41706,0,0,-5.083298,6.528145,2.913697,hyg:41706,
GJ 3667,Unknown,0,,0,28.61011129693501,,,118756,,,0,8.7719,DC8,0.000204173794467,13.79,,,,GJ 3667,,,172.31847,18.285492,-26.921635606696977,3.6313729244777853,8.976482350647764,1,118756,0,0,-8.254211,1.113384,2.752202,hyg:118756,
Gl 666B,Unknown,0,,0,28.65805628445937,,,119141,,,0,8.7866,M0 V,0.022469841036401546,8.69,,,,Gl 666B,,,259.75572,-46.636603,-3.497805364675225,-19.36682976775117,-20.837837431582788,2,84462,0,0,-1.072432,-5.937897,-6.38891,hyg:84462,
GJ 1103A,Unknown,0,,0,28.660339379103387,,,118503,,,0,8.7873,m,0.0002676701855626,13.5,,,,GJ 1103A,,,117.977625,-0.002777,-13.449400699346516,25.31849220956098,-0.0013861646052961592,1,118503,0,0,-4.123605,7.762685,-0.000425,hyg:118503,
GJ 1103B,Unknown,0,,0,28.660339379103387,,,118504,,,0,8.7873,m,6.72357107234e-05,15.0,,,,GJ 1103B,,,117.98181,-0.001128,-13.447176312850486,25.309849065551482,-0.0005642505334499659,2,118503,0,0,-4.122923,7.760035,-0.000173,hyg:118503,
Gl 666A,Unknown,0,,0,28.708284366627748,,,84462,,,0,8.802,M0V,0.4377236379347655,5.47,84720,156274,6416,Gl 666A,,,259.764825,-46.636235,-3.5022802301774987,-19.39875069243831,-20.87167289420712,1,84462,0,0,-1.073804,-5.947684,-6.399284,hyg:84462,
Gl 203,Unknown,0,,0,28.73633381511139,,,25514,,,0,8.8106,M5,0.0006886522963443,12.48,25578,,,Gl 203,,,82.000635,9.643928,3.942496754745564,28.054562615642524,4.814045304152692,1,25514,0,0,1.208775,8.601568,1.475993,hyg:25514,
Gl 465,Unknown,0,,0,28.86842714808667,,,60373,,,0,8.8511,M4,0.002098939883623522,11.28,60559,,,Gl 465,,,186.21862499999997,-18.242288,-27.25779846208207,-2.970175669315295,-9.037385531058812,1,60373,0,0,-8.357279,-0.91066,-2.770875,hyg:60373,
Gl 433,Yes,3,,3,28.971166407067443,GJ 433 b; GJ 433 c; GJ 433 d,,56359,GJ 433,catalog identifier,0,8.8826,M2V,0.008188417919005117,9.81,56528,,,Gl 433,,,173.862315,-32.539972,-24.28385242504037,2.611364515061551,-15.5836799729029,1,56359,3,0,-7.445463,0.800648,-4.777978,hyg:56359,
GJ 4247,Unknown,0,,0,29.035419213477642,,,108361,,,0,8.9023,,0.001104587183988628,11.99,108706,,,GJ 4247,,,330.30456,28.306906,22.20618411396428,-12.663778047648862,13.768430560210147,1,108361,0,0,6.808447,-3.882732,4.22142,hyg:108361,
Gl 318,Unknown,0,,0,29.043246966542842,,,118557,,,0,8.9047,DA6,0.0012223624492787315,11.88,,,,Gl 318,,,130.388145,-32.941624,-15.797677695450407,18.571817073939055,-15.798522440468693,1,118557,0,0,-4.84359,5.694145,-4.843849,hyg:118557,
Gl 785,Yes,2,,2,29.06412097471671,HD 192310 b; HD 192310 c,,99507,HD 192310,catalog identifier,0,8.9111,K3V,0.3531831697919567,5.73,99825,192310,7722,Gl 785,,,303.82209,-27.032977,14.40942895090064,-21.50630471240458,-13.209016925841718,1,99507,2,0,4.417951,-6.593863,-4.049903,hyg:99507,
Gl 424,Unknown,0,,0,29.087278077534606,,,55195,,,0,8.9182,M1Vvar,0.013073744701631328,9.31,55360,,,Gl 424,,,170.03046,65.846487,-11.722627727236983,2.062772749305766,26.542358139741506,1,55195,0,0,-3.594174,0.632449,8.137924,hyg:55195,
HIP 94223,Unknown,0,,0,29.08988732855634,,,93930,,,0,8.919,,0.005355499708401133,10.28,94223,,,,,,287.71797,-48.078712,5.914552369153195,-18.513392681998653,-21.644718955980014,1,93930,0,0,1.81341,-5.676232,-6.636301,hyg:93930,
Gl 216A,Unknown,0,,0,29.115979838773676,,,27006,,,0,8.927,F7V,2.5444856151466353,3.59,27072,38393,1983,Gl 216A,13Gam Lep,,86.115855,-22.448382,1.8228521178573296,26.847611155210384,-11.117855525419488,1,27006,0,0,0.558889,8.231515,-3.40875,hyg:27006,
GJ 3128,Unknown,0,,0,29.12119834081714,,,118104,,,0,8.9286,m,3.95913216728e-05,15.61,,,,GJ 3128,,,30.560055,10.337364,24.66917356967493,14.566023150970002,5.225618775629672,1,118104,0,0,7.563603,4.465963,1.602182,hyg:118104,
Gl 283A,Unknown,0,,0,29.12119834081714,,,118495,,,0,8.9286,DZQ6,0.0004381269820225,13.0,,,,Gl 283A,,,115.08522,-17.413251,-11.781642462221049,25.167158911864185,-8.715400693413065,1,118495,0,0,-3.612268,7.716286,-2.672154,hyg:118495,
Gl 283B,Unknown,0,,0,29.12119834081714,,,118496,,,0,8.9286,m,1.87758669892e-05,16.42,,,,Gl 283B,,,115.08522,-17.413251,-11.780902087243634,25.165573791868482,-8.714852750698501,2,118495,0,0,-3.612041,7.7158,-2.671986,hyg:118495,
GJ 3707,Unknown,0,,0,29.12119834081714,,,118800,,,0,8.9286,m,0.0010413578615284342,12.06,,,,GJ 3707,,,182.52108,-15.071534,-28.09226955447036,-1.2368828312152058,-7.5722323742072115,1,118800,0,0,-8.613129,-0.37923,-2.321657,hyg:118800,
GJ 3820,Unknown,0,,0,29.12119834081714,,,118938,,,0,8.9286,K2 :,0.0004381269820225,13.0,,,,GJ 3820,,,209.79326999999998,-19.835763,-23.77276864272201,-13.610822013806086,-9.881553252556618,1,118938,0,0,-7.288764,-4.173097,-3.029698,hyg:118938,
Gl 216B,Unknown,0,,0,29.254270142925577,,,118392,,,0,8.9694,K2 V,0.24751413180743126,6.13,,38392,1982,Gl 216B,,,86.10885,-22.420198,1.8352460602105658,26.97934571617018,-11.156938844161285,2,27006,0,0,0.562689,8.271905,-3.420733,hyg:27006,
GJ 4360,Unknown,0,,0,29.38342806850141,,,119591,,,0,9.009,m,0.0001119953522385,14.5,,,,GJ 4360,,,356.38251,-16.171768,28.164519715262173,-1.780699667601218,-8.183811459627654,1,119591,0,0,8.635281,-0.545965,-2.509168,hyg:119591,
Gl 51,Unknown,0,,0,29.409846735096462,,,118037,,,0,9.0171,M5,0.0002432204009074,13.66,,,,Gl 51,,,15.81981,62.366819,13.12316278253534,3.7212159602836397,26.05521423554756,1,118037,0,0,4.02358,1.14093,7.988565,hyg:118037,
HIP 31293,Unknown,0,,0,29.41539139351765,,,31215,,,0,9.0188,,0.005133339643802892,10.35,31293,,,,,,98.43255,-75.62999,-1.070295199732602,7.22151315968462,-28.49507920407809,1,31215,0,0,-0.328154,2.214126,-8.736631,hyg:31215,
Gl 357,Yes,3,,3,29.431046899648052,GJ 357 b; GJ 357 c; GJ 357 d,,46970,GJ 357,catalog identifier,0,9.0236,K,0.003067608976917938,10.91,47103,,,Gl 357,,,144.006795,-21.660797,-22.129067700016932,16.073684268529423,-10.862478343231055,1,46970,3,0,-6.784803,4.928214,-3.330451,hyg:46970,
Rana,Unknown,0,,0,29.487145796615334,,,17336,,,0,9.0408,K0IV,2.782274657675122,3.52,17378,23249,1136,Gl 150,23Del Eri,Rana,55.81209,-9.763395,16.32902557351631,24.038341473277868,-5.000404535252485,1,17336,0,0,5.006502,7.370189,-1.533131,hyg:17336,
Groombridge 1830,Unknown,0,,0,29.653159392873153,,,57767,,,0,9.0917,G8Vp,0.194625615936124,6.42,57939,103095,4550,Gl 451A,,Groombridge 1830,178.2423,37.718679,-23.44307346830704,0.7183496372297957,18.139588119061273,1,57767,0,0,-7.187679,0.220247,5.561623,hyg:57767,
Gl 849,Yes,2,,2,29.666857960737257,GJ 849 b; GJ 849 c,,109042,GJ 849,catalog identifier,0,9.0959,M3,0.004938556196176077,10.41,109388,,,Gl 849,,,332.418105,-4.640729,26.208631672497958,-13.690997774576415,-2.400236968637949,1,109042,2,0,8.035603,-4.197679,-0.735916,hyg:109042,
GJ 2066,Unknown,0,,0,29.753289400832195,,,40386,,,0,9.1224,,0.006735967762229425,10.08,40501,,,GJ 2066,,,124.03326,1.302573,-16.647840171170646,24.65056308676241,0.6763570035987649,1,40386,0,0,-5.104251,7.557897,0.207372,hyg:40386,
Gl 502,Unknown,0,,0,29.775141878139213,,,64189,,,0,9.1291,G0V,1.4750271017597587,4.23,64394,114710,4983,Gl 502,43Bet Com,,197.96856,27.878183,-25.035998386129172,-8.119382528773489,13.922722096252828,1,64189,0,0,-7.676072,-2.489414,4.268726,hyg:64189,
Gl 137,Unknown,0,,0,29.810366766932628,,,15419,,,0,9.1399,G5Vvar,0.843334757764275,4.84,15457,20630,996,Gl 137,96Kap1Cet,,49.840395,3.370198,19.192378506001816,22.743621331602153,1.7524969256200509,1,15419,0,0,5.88441,6.973226,0.537318,hyg:15419,
Gl 84,Unknown,0,,0,29.81852067637554,,,9702,,,0,9.1424,M3,0.0061094202490557204,10.19,9724,,,Gl 84,,,31.270035,-17.614632,24.290933280000598,14.751818131536346,-9.023174897681693,1,9702,0,0,7.447634,4.522928,-2.766518,hyg:9702,
Gl 451B,Unknown,0,,0,29.86516103838904,,,118779,,,0,9.1567,,0.0011577105741152687,12.0,,,,Gl 451B,,,178.23022500000002,37.719619,-23.612720446612627,0.7235322620717147,18.27146618882726,2,57767,0,0,-7.239693,0.221836,5.602057,hyg:57767,
GJ 3421,Unknown,0,,0,29.89516742513898,,,118459,,,0,9.1659,M4.5,0.0003502676269138,13.3,,,,GJ 3421,,,105.97938,52.707092,-4.988375888042291,17.4127355850644,23.783055614875195,1,118459,0,0,-1.529443,5.338769,7.291918,hyg:118459,
